technique,sweep,held_out_ua,day,condition,da_uM,aa_uM,ua_uM,baseline_rmse_global,baseline_r2_global,baseline_rmse_AA,baseline_r2_AA,baseline_rmse_DA,baseline_r2_DA,baseline_rmse_UA,baseline_r2_UA,corrected_rmse_global,corrected_r2_global,corrected_rmse_AA,corrected_r2_AA,corrected_rmse_DA,corrected_r2_DA,corrected_rmse_UA,corrected_r2_UA
cv_normal,anodic,0,1,6,5,100,0,0.9239910096,-3.523457691,0.216389842,-12.73692221,0.1354492309,-0.2991373592,0.216999866,-14.2855023,0.2153933575,0.7541899396,0.02747312764,0.7785723213,0.2933715833,-5.094499902,0.1814581058,-9.688420455
cv_normal,anodic,0,1,7,5,200,0,0.9034359496,-3.186730215,0.2500524444,-10.18125203,0.2814922962,-0.8928671289,0.2609615381,-3.304240872,0.2793232846,0.5997839315,0.02179351299,0.9150657783,0.493544837,-4.81889242,0.266742393,-3.497049277
cv_normal,anodic,0,1,8,5,400,0,0.9834780096,-3.612378513,0.2489181481,-2.751962826,0.4937755611,-1.208546778,0.4993556162,-4.10433862,0.3332273579,0.4704866274,0.06202089196,0.767072149,0.6128717545,-2.402409895,0.4368428058,-2.906339417
cv_normal,anodic,0,1,10,10,100,0,0.9065462075,-2.484763903,0.2199737955,-14.18569515,0.109373032,0.03797389206,0.2652007286,-40.86798568,0.2173819291,0.7996264717,0.02168487324,0.852427119,0.2613749659,-4.494071831,0.08276161653,-3.077468089
cv_normal,anodic,0,1,11,10,200,0,0.913219243,-2.793655173,0.260668352,-12.32871735,0.2945162755,-0.877045083,0.3233879902,-7.876566497,0.2688618951,0.6711739199,0.02680099243,0.8590991873,0.5120871063,-4.674711488,0.1623159995,-1.236247649
cv_normal,anodic,0,1,12,10,400,0,1.022894432,-3.95000794,0.2615189707,-3.216738386,0.5457183909,-1.258608084,0.5397680548,-6.738569293,0.3258190478,0.4977762963,0.05863965473,0.7879915993,0.6799341363,-2.506205685,0.356249162,-2.370963286
cv_normal,anodic,0,1,14,20,100,0,0.9125387174,-1.889320143,0.213402249,-8.889563882,0.2121453816,-0.1221513229,0.242997991,-8.018258838,0.218084109,0.8349782805,0.02372628289,0.8777529002,0.3917528027,-2.826559643,0.1414299535,-2.054922007
cv_normal,anodic,0,1,15,20,200,0,0.9340791732,-2.25553751,0.2368076532,-5.912646336,0.4052290973,-0.70890563,0.310105756,-2.978139577,0.2845032596,0.6979840921,0.02596311766,0.9169065955,0.6307221083,-3.139929495,0.1950065915,-0.5731094667
cv_normal,anodic,0,1,16,20,400,0,1.044558413,-3.002512621,0.2191735587,-0.9160621359,0.6691610948,-0.9892555277,0.5491671459,-3.735008661,0.3819352406,0.4648855097,0.08972214228,0.678905742,0.810641605,-1.919355519,0.4179917192,-1.7431341
cv_normal,anodic,0,1,18,50,100,0,1.01782001,-2.839750866,0.2084309664,-6.921578445,0.1637139863,0.5740578718,0.242019108,-2.593990214,0.1899731445,0.866234074,0.03055317128,0.8297842148,0.3947213311,-1.476054633,0.1448920312,-0.2881504219
cv_normal,anodic,0,1,19,50,200,0,1.045222901,-3.479287478,0.1989728549,-2.180919907,0.3093385353,0.195807187,0.2993665426,-1.339197958,0.261443916,0.7197483472,0.05733220565,0.7359036667,0.5855392923,-1.881404466,0.2308601438,-0.3911000828
cv_normal,anodic,0,1,20,50,400,0,1.162783414,-4.208394563,0.1673982083,0.1744080455,0.5633593394,-0.2085413802,0.5390966004,-1.724493797,0.4212657986,0.3163739195,0.135594789,0.458311219,0.7773060657,-1.300777606,0.5477602922,-1.812766819
cv_normal,anodic,0,1,22,100,100,0,1.044424847,-8.30429896,0.1393310088,-0.7720361319,0.0597609869,0.94339139,0.2045169333,-0.6956149674,0.1487455529,0.8112802962,0.09853015665,0.1138334432,0.2610364243,-0.08006325955,0.151018968,0.07544725228
cv_normal,anodic,0,1,23,100,200,0,1.067549965,-9.831752924,0.1349443813,-0.08760118503,0.0862027028,0.9071361104,0.2354654792,-0.67730789,0.1760125053,0.7055514816,0.1124338456,0.2449874167,0.3000592608,-0.1251726687,0.1951178549,-0.151734361
cv_normal,anodic,0,1,24,100,400,0,1.126251743,-9.955632359,0.136775547,0.266535801,0.1634968052,0.7063740519,0.3715677417,-3.635663123,0.2376786305,0.5120820781,0.1301538772,0.3358346419,0.3009254025,0.005296627047,0.33293041,-2.721712261
cv_normal,anodic,100,2,2,0,100,100,1.042903571,-28.31102359,0.2753190726,-403.4904296,0.1636583892,-144.696344,0.3889378301,-6086.514157,0.2029801527,-0.1103242515,0.02297914839,-1.817756847,0.06270617849,-20.38911315,0.03530381213,-49.15599115
cv_normal,anodic,100,2,3,0,200,100,1.030188027,-24.2812135,0.2880805225,-309.673047,0.1520427938,-41.09595284,0.5423748309,-6894.148473,0.2157053254,-0.1083748273,0.02846123234,-2.032376945,0.1655131982,-48.88545331,0.1452955063,-493.8219219
cv_normal,anodic,100,2,4,0,400,100,1.069384434,-13.90098462,0.2875797924,-119.6438623,0.1171070493,-6.142027596,0.7288597097,-80.2041853,0.2442192858,0.2228458626,0.07720854379,-7.695993839,0.3106990859,-49.27306897,0.3076844257,-13.4711003
cv_normal,anodic,100,2,5,5,0,100,1.120036379,-100.362584,0.2284902578,-3623.363928,0.1259107448,-172.4535071,0.1774245272,-40.98254959,0.2830400833,-5.473055075,0.02726502887,-50.60696841,0.09422611353,-96.1404378,0.2040649471,-54.53647601
cv_normal,anodic,100,2,6,5,100,100,1.094594132,-49.97366987,0.3037175906,-282.7111786,0.18409238,-214.7031763,0.3776217298,-540.9583538,0.2542243233,-1.749627552,0.05101339486,-7.003961818,0.07149350238,-31.5325467,0.03792341002,-4.465963451
cv_normal,anodic,100,2,7,5,200,100,1.08435848,-31.59210003,0.3231805281,-131.6820324,0.1994674982,-858.2305615,0.5498471642,-3105.006956,0.2593889651,-0.8649602406,0.05011264197,-2.190188479,0.2022356038,-882.2439397,0.1472646108,-221.8000238
cv_normal,anodic,100,2,8,5,400,100,1.142768775,-18.34340626,0.3553290386,-88.7025658,0.1936824723,-156.2015806,0.8103717037,-2013.376368,0.3125488374,-0.4469449157,0.1404295176,-13.01071412,0.3693654947,-570.7272763,0.3547298045,-384.9823455
cv_normal,anodic,100,2,9,10,0,100,1.139520406,-70.73995424,0.2202620228,-486.3918265,0.1419665571,-80.03073381,0.2050775138,-34.08391506,0.2640304337,-2.851455284,0.02201272146,-3.867954067,0.08830923,-30.35377718,0.1803759378,-26.14120764
cv_normal,anodic,100,2,10,10,100,100,1.121858848,-70.19161633,0.2957054874,-123.6883394,0.1835341875,-21.13111277,0.3423613065,-73.07808503,0.2649479145,-2.970758084,0.0461408879,-2.035840627,0.06299614132,-1.607337202,0.06511448888,-1.679635166
cv_normal,anodic,100,2,11,10,200,100,1.115819455,-68.97837763,0.3000404649,-51.74155304,0.209999704,-83.08312919,0.5193467244,-468.6412427,0.2865248058,-3.614243025,0.0300978848,0.4692803037,0.2041706077,-78.48001552,0.1168788242,-22.78609247
cv_normal,anodic,100,2,12,10,400,100,1.166490976,-28.30906554,0.2931924471,-20.93586761,0.2197590421,-113.0479334,0.8071582817,-971.1832609,0.3194816548,-1.198523213,0.0814088511,-0.6911904258,0.3921797816,-362.2154503,0.3512918694,-183.147964
cv_normal,anodic,100,2,13,20,0,100,1.107231412,-49.73525699,0.2475824798,-85.38586755,0.1997122177,-31.03533578,0.2418617258,-105.4542,0.2900007133,-2.480416351,0.05162770332,-2.756371124,0.05766922634,-1.671211417,0.1435345384,-36.49223576
cv_normal,anodic,100,2,14,20,100,100,1.109034075,-80.01584983,0.2755715933,-29.07396187,0.1167232984,-0.4339756027,0.3081489896,-15.80481232,0.3257370797,-5.988993052,0.03455023479,0.5272584702,0.05119875522,0.7241039618,0.1012078243,-0.8127601598
cv_normal,anodic,100,2,15,20,200,100,1.100512775,-83.21006671,0.2778399073,-12.77898732,0.1350571343,-0.4186167535,0.3817967489,-38.22348529,0.3413423045,-7.101287911,0.02412832878,0.896083973,0.07705942967,0.5381705703,0.0869081271,-1.032368761
cv_normal,anodic,100,2,16,20,400,100,1.151450767,-87.18599106,0.2761454788,-5.614548447,0.1940199896,-2.325842376,0.6014462365,-7800.204942,0.3711279097,-8.161278469,0.07439568896,0.5199130868,0.2855864001,-6.2058257,0.1536565868,-508.1789339
cv_normal,anodic,100,2,17,50,0,100,1.208859703,-56.20376093,0.2385038705,-48.23434128,0.2547829435,-11.60435057,0.2631913286,-17.09415802,0.2294886999,-1.061557217,0.05343060672,-1.470913149,0.03677211049,0.7374470605,0.1376487201,-3.949252156
cv_normal,anodic,100,2,18,50,100,100,1.234015491,-101.5876944,0.2641500758,-22.17896113,0.2074958991,-1.892849758,0.3276160214,-8.341641632,0.2717647476,-3.975540754,0.03672862006,0.5518723809,0.02258436162,0.965729339,0.1113394598,-0.07892475708
cv_normal,anodic,100,2,19,50,200,100,1.232206666,-91.50289545,0.2464025114,-7.669458769,0.2523225573,-3.139408665,0.3770027619,-10.89710698,0.3158407507,-5.0774941,0.01726664185,0.9574286436,0.1506143841,-0.4748880258,0.1395287821,-0.6295958514
cv_normal,anodic,100,2,20,50,400,100,1.259180714,-49.98500667,0.1989803459,-1.569997378,0.3341003678,-20.2462654,0.4876275845,-22.57176623,0.3747026105,-3.514813259,0.03332311787,0.9279218592,0.351736006,-22.54845129,0.2263951441,-4.081007194
cv_normal,anodic,100,2,21,100,0,100,1.11066205,-86.33933233,0.1935884046,-11.44554983,0.2821993862,-5.571181977,0.240576311,-5.283184345,0.2426816055,-3.169843169,0.01257300347,0.9475031219,0.05227040703,0.7745536914,0.1419023607,-1.186015921
cv_normal,anodic,100,2,22,100,100,100,1.068640995,-70.8760707,0.2063008069,-5.381668255,0.2416601527,-1.575259053,0.3220940271,-6.216433173,0.2420038941,-2.686085249,0.04392421353,0.7107053788,0.05641776457,0.8596402521,0.09700266649,0.3454774752
cv_normal,anodic,100,2,23,100,200,100,1.049682531,-34.88389613,0.1834334205,-1.677532667,0.2762564797,-2.205612704,0.3347580085,-5.672199337,0.2949104777,-1.832461768,0.08911334994,0.3680781258,0.1201152982,0.3939858689,0.1323113229,-0.04232003354
cv_normal,anodic,100,2,24,100,400,100,1.058807717,-16.18196385,0.1477482243,-0.03127641354,0.3659187034,-16.26536026,0.3674788266,-4.013967544,0.3226171786,-0.5951942774,0.09243696858,0.5963342206,0.1834390753,-3.339004826,0.1525486611,0.1359603413
cv_normal,anodic,200,3,2,0,100,200,0.860756508,-1.493146489,0.2408873675,-700.743806,0.1324411381,-228.6798944,0.3407711797,-50.17664104,0.3016013335,0.6939068,0.01135118189,-0.5582340931,0.02328580389,-6.100021154,0.079401178,-1.778433161
cv_normal,anodic,200,3,3,0,200,200,0.8573951679,-1.180497588,0.2493558615,-45.62405012,0.1860264326,-34.49370405,0.5303414716,-540.6032205,0.3296586154,0.6776539091,0.01684150718,0.7873170166,0.1123650946,-11.9498534,0.1418903083,-37.76818987
cv_normal,anodic,200,3,4,0,400,200,0.9244857445,-1.36533526,0.1944771808,-11.42091677,0.1369410278,-3.545952311,0.7909167041,-3208.963556,0.319524001,0.7174474443,0.05404194913,0.04086804644,0.1308847773,-3.1527519,0.2646453645,-358.390993
cv_normal,anodic,200,3,5,5,0,200,0.9331726489,-8.951346857,0.1840498929,-22044.84328,0.1021746384,-219.9718558,0.1667937568,-9.883824856,0.1636562848,0.6939282565,0.00834380364,-44.30892178,0.112274491,-265.816654,0.1648157078,-9.627207549
cv_normal,anodic,200,3,6,5,100,200,0.900826109,-6.629175121,0.2996048761,-154.4494823,0.1905502473,-33.2384862,0.3350030287,-35.51581195,0.1724027805,0.7205628227,0.07399477517,-8.481862113,0.0652321964,-3.012541384,0.07345462896,-0.7555848879
cv_normal,anodic,200,3,7,5,200,200,0.8908173019,-5.735692194,0.2905229723,-35.46669924,0.2191329519,-102.1971901,0.4946239782,-135.2402455,0.2001246583,0.6600569611,0.04659461063,0.06199128896,0.138152306,-40.01746077,0.1048569275,-5.122789674
cv_normal,anodic,200,3,8,5,400,200,0.9661649336,-5.803041997,0.2507483468,-10.3633103,0.2215559998,-37.17452771,0.7929946659,-7632.368054,0.2265197688,0.6260506096,0.02524735439,0.8847978826,0.181283826,-24.55787599,0.2828918704,-970.4413938
cv_normal,anodic,200,3,9,10,0,200,0.9805878569,-14.31296903,0.1992362929,-2967.022652,0.1434314844,-186.3293943,0.1854509901,-14.79617102,0.1621150773,0.5814636352,0.005439286193,-1.212147733,0.0662055476,-38.91220367,0.1467325971,-8.888871264
cv_normal,anodic,200,3,10,10,100,200,0.9434226106,-9.203366417,0.3030894386,-109.0075444,0.2041814731,-15.49812963,0.3243997045,-22.55086639,0.1609806734,0.7029165892,0.07596929745,-5.911257654,0.07970764625,-1.514212699,0.0705210827,-0.1129712132
cv_normal,anodic,200,3,11,10,200,200,0.9304962802,-8.124593968,0.2696369714,-18.11413953,0.2289187305,-30.56052091,0.4651975602,-63.26278907,0.1938708701,0.6038958574,0.04036657644,0.5716096234,0.153453329,-13.18189069,0.0730080504,-0.5828006369
cv_normal,anodic,200,3,12,10,400,200,1.005972124,-7.853875992,0.2143596741,-4.021889963,0.2511687801,-54.8071696,0.780275386,-1911.223785,0.2489983451,0.4575565568,0.05702713406,0.6445781614,0.2162210926,-40.35754959,0.284066104,-252.443835
cv_normal,anodic,200,3,13,20,0,200,1.026922843,-13.74507185,0.2071287945,-337.1889104,0.1711138886,-29.71657048,0.2036604066,-11.14491804,0.1348061971,0.7459080073,0.0121841246,-0.1702187983,0.04928932811,-1.548637091,0.1267252313,-3.702269986
cv_normal,anodic,200,3,14,20,100,200,1.000852386,-12.16504103,0.2911060137,-51.85389306,0.2019039273,-4.308074964,0.3015486028,-8.177804934,0.1534061261,0.6907087989,0.06148780771,-1.358048022,0.08992135354,-0.05286620372,0.07776994177,0.3895533295
cv_normal,anodic,200,3,15,20,200,200,0.9938991442,-13.8610169,0.2606903035,-11.53731133,0.2403969346,-7.519095492,0.4113941072,-19.81513437,0.214642182,0.3069029602,0.04837349508,0.5683123844,0.1626289859,-2.898805262,0.04893220175,0.7055221721
cv_normal,anodic,200,3,16,20,400,200,1.072871792,-16.87193692,0.2192309343,-3.272467489,0.2912838625,-53.41122777,0.7178347308,-419.7368819,0.309919837,-0.4913333125,0.06089373048,0.6703749121,0.2298647745,-32.88445638,0.2677036727,-57.51541767
cv_normal,anodic,200,3,17,50,0,200,1.113193556,-18.28660612,0.2193399852,-130.0711129,0.2868827144,-37.41519146,0.266355354,-15.51276917,0.1605281796,0.59893293,0.01802724068,0.1146196456,0.06380562366,-0.9002561875,0.1054573778,-1.588516783
cv_normal,anodic,200,3,18,50,100,200,1.089837484,-16.13426705,0.2809877403,-32.32782047,0.2699755984,-4.42603505,0.3333678361,-6.343694124,0.1866447566,0.497456527,0.05533659301,-0.2925787242,0.1269901759,-0.200532217,0.0875729029,0.4932349216
cv_normal,anodic,200,3,19,50,200,200,1.09294284,-23.59439818,0.2653931828,-11.64787559,0.3218077757,-8.875505249,0.4510765616,-17.92458279,0.2806751452,-0.6219938899,0.04982354838,0.5542335614,0.1967831458,-2.692683236,0.1225926654,-0.3978313168
cv_normal,anodic,200,3,20,50,400,200,1.165487907,-30.8813573,0.2112329516,-2.436586912,0.3848712259,-41.79750783,0.6932750879,-242.1226592,0.4157895373,-3.057591972,0.06427235158,0.6818350192,0.228846871,-14.13134561,0.3783186033,-71.39851255
cv_normal,anodic,200,3,21,100,0,200,0.8764598756,-11.21479111,0.2121307945,-13.47165154,0.2311909457,-1.612762101,0.2306064904,-2.019204083,0.2211431209,0.2223774692,0.04794120716,0.2608567924,0.03162235618,0.9511182577,0.09788689471,0.456000475
cv_normal,anodic,200,3,22,100,100,200,0.8990961885,-16.51495626,0.2160842661,-4.762325082,0.2022019566,-0.1700246499,0.2954798757,-1.969687302,0.2664687501,-0.5384709971,0.04633543379,0.7350414544,0.05501289878,0.9133929265,0.1182319421,0.5245284307
cv_normal,anodic,200,3,23,100,200,200,0.9117567245,-16.936022,0.1858801905,-1.109918453,0.2284883287,-0.05299845973,0.2934681768,-0.988249279,0.3587050462,-1.776151421,0.07840475339,0.6246086693,0.115375699,0.7315098332,0.1734615356,0.3053673715
cv_normal,anodic,200,3,24,100,400,200,0.9776828308,-11.6454521,0.1343887576,0.3929705094,0.3482491199,-3.827321477,0.2975703349,-3.498046678,0.4715203366,-1.941299443,0.1247442966,0.4769715542,0.1976916822,-0.5556180039,0.1747889264,-0.5519313987
cv_normal,anodic,400,4,2,0,100,400,0.9283483161,-6.399117123,0.2531759267,-4421.901125,0.1078432569,-2275.643981,0.339835382,-65.45964302,0.1881652516,0.6960257155,0.03963518642,-107.3987376,0.06904638899,-932.2351163,0.06581019996,-1.492339715
cv_normal,anodic,400,4,3,0,200,400,0.9207889034,-4.20577732,0.2985504896,-1114.100929,0.1491998852,-121.8751864,0.52044571,-556.5652527,0.242204773,0.639810683,0.07169192652,-63.30120392,0.05357096494,-14.84112971,0.1666263924,-56.15212965
cv_normal,anodic,400,4,4,0,400,400,0.9958045458,-3.746015804,0.3083476022,-199.9593637,0.1347177498,-14.23151696,0.7969725538,-24107.21566,0.3216563427,0.5048175888,0.08087421771,-12.82443152,0.02228999073,0.5830218539,0.4082708282,-6325.667879
cv_normal,anodic,400,4,5,5,0,400,1.015536304,-4.548037271,0.1448100308,-48.37026052,0.04031065959,-63.9385557,0.1624682002,-4.421800158,0.3348303337,0.3968878816,0.1093112767,-27.13183492,0.1184334507,-559.546419,0.2211077742,-9.041874567
cv_normal,anodic,400,4,6,5,100,400,0.9801569187,-2.57668276,0.2225794701,-344.944298,0.08647398127,-1220.229994,0.3350383113,-24.78230363,0.3802306562,0.4617507171,0.05417998781,-19.49810789,0.08693639365,-1233.325766,0.05814041261,0.2235937985
cv_normal,anodic,400,4,7,5,200,400,0.9733347777,-2.100818863,0.271136875,-3056.431894,0.1384065497,-100.5233617,0.5231177284,-181.1200204,0.3920198404,0.4969999711,0.05303122808,-115.9615158,0.0592643762,-17.61401846,0.1613189356,-16.31926705
cv_normal,anodic,400,4,8,5,400,400,1.048182227,-1.964772761,0.2834769311,-104.9442088,0.1514200212,-13.76700372,0.8150368675,-6603.454385,0.4486907409,0.4567346028,0.05575441722,-3.098267843,0.05404884938,-0.8814760095,0.4224047182,-1772.944212
cv_normal,anodic,400,4,9,10,0,400,1.046528939,-6.071714435,0.1537588425,-76.96459043,0.08244217445,-317.2314964,0.1791857685,-6.812179402,0.2901620724,0.4563698688,0.1029970527,-33.98378489,0.08908573265,-370.587073,0.2033747978,-9.063740944
cv_normal,anodic,400,4,10,10,100,400,1.005027683,-4.11803426,0.2376576958,-895.4848528,0.133206243,-1884.833281,0.3628737985,-45.27262203,0.2853964298,0.587290741,0.05115015874,-40.52724916,0.06277958271,-417.8813133,0.0639479085,-0.4370291483
cv_normal,anodic,400,4,11,10,200,400,1.000773385,-3.004030907,0.2810810699,-461.1272962,0.1960295092,-119.5656819,0.5557467287,-515.7924613,0.3241787696,0.5798589983,0.05772978863,-18.49388324,0.08785436847,-23.21628526,0.1976323134,-64.35491418
cv_normal,anodic,400,4,12,10,400,400,1.066788003,-3.103128179,0.2818843755,-88.14838015,0.1813289439,-19.02497207,0.8274310278,-12856.01143,0.3659129116,0.5172588651,0.05567560494,-2.477773845,0.09655165631,-4.677499587,0.4312868443,-3492.082533
cv_normal,anodic,400,4,13,20,0,400,1.106274728,-6.627240135,0.1586598184,-71.6074132,0.1371605751,-868.3283553,0.2050129771,-8.868764723,0.3047809904,0.421081819,0.1056567509,-31.19893898,0.09837941592,-446.2328857,0.1728261797,-6.013247262
cv_normal,anodic,400,4,14,20,100,400,1.063708543,-5.071467479,0.2399395989,-722.0087365,0.1822248104,-3266.103003,0.392354331,-52.95252791,0.276645575,0.5893272987,0.06201708246,-47.30169272,0.1000674619,-984.2208222,0.0813777427,-1.320952083
cv_normal,anodic,400,4,15,20,200,400,1.059149634,-3.673122549,0.2856027986,-2272.734263,0.2284787554,-223.6210227,0.5793836647,-402.7332955,0.3170740984,0.5811928749,0.07236028441,-144.9537706,0.1353019884,-77.77113619,0.2235843256,-59.12357304
cv_normal,anodic,400,4,16,20,400,400,1.127491845,-3.359111771,0.2877834032,-154.6575759,0.2175007253,-29.80788735,0.8551614221,-15880.64683,0.3848544486,0.492116378,0.06933090405,-8.034258256,0.1535821665,-14.36109156,0.4537289328,-4469.872448
cv_normal,anodic,400,4,17,50,0,400,1.193229945,-6.223827231,0.1563855567,-57.02456456,0.2564766601,-1520.897867,0.2718513544,-15.29931611,0.3841509045,0.2512742271,0.1284599022,-38.15198476,0.1932246982,-862.803749,0.1219968881,-2.282493583
cv_normal,anodic,400,4,18,50,100,400,1.157739129,-4.448404389,0.2387734764,-1151.722046,0.3089599511,-3493.401875,0.4693517859,-76.91729652,0.3774621813,0.4208450114,0.07794741976,-121.8445577,0.2275850995,-1895.077668,0.1458088243,-6.51976974
cv_normal,anodic,400,4,19,50,200,400,1.148644634,-4.484565262,0.2882399027,-1570.123908,0.3521851554,-487.7089297,0.6545111492,-554.7025079,0.3574881866,0.468755775,0.08391864475,-132.1739114,0.2747044502,-296.3305754,0.301433591,-116.8668165
cv_normal,anodic,400,4,20,50,400,400,1.216831549,-3.373973036,0.2406922223,-51.38040101,0.3328662739,-41.64270277,0.9205258203,-13399.07331,0.4578824727,0.3806684305,0.05704116593,-1.941856561,0.2943060009,-32.33522332,0.5174206685,-4232.72622
cv_normal,anodic,400,4,21,100,0,400,1.024919025,-5.394284137,0.1556715088,-82.55919802,0.3241811708,-4985.66299,0.3369815711,-24.0804157,0.3119352424,0.4077000315,0.1218210392,-50.17060996,0.2511443387,-2991.824368,0.1094379877,-1.645200687
cv_normal,anodic,400,4,22,100,100,400,0.9934426757,-3.984954954,0.2370623013,-553.9227803,0.3589558664,-13223.03435,0.5355028673,-87.15053404,0.3344967959,0.4348554577,0.07756568488,-58.40825888,0.2821323885,-8168.354633,0.2199524197,-13.871639
cv_normal,anodic,400,4,23,100,200,400,0.9958907157,-3.238281625,0.2864568933,-17800.75346,0.3948030413,-903.2045957,0.7186653023,-459.0750609,0.3792632773,0.3853214881,0.08522976701,-1574.893374,0.32164817,-599.16118,0.3782821118,-126.4696952
cv_normal,anodic,400,4,24,100,400,400,1.072454557,-2.894382228,0.3063359521,-329.0688866,0.3875106141,-126.8597035,0.9758814165,-8746.690528,0.4548032374,0.2996294564,0.09453794036,-30.43553979,0.3304329491,-91.96793427,0.5927957525,-3226.821283
cv_normal,cathodic,0,1,6,5,100,0,1.050425862,-3.838277525,0.1697592955,-44.7956665,0.04902709212,-1.773954605,0.2021346043,-113.5979942,0.266526908,0.6885114502,0.096160205,-13.69427003,0.1043753065,-11.57252786,0.05576934378,-7.723419293
cv_normal,cathodic,0,1,7,5,200,0,1.016897636,-3.672455195,0.219241588,-41.94017922,0.1001474239,-1.281908735,0.1950447589,-170.1323585,0.2914231731,0.6162584411,0.07240575864,-3.683431699,0.168176481,-5.435010032,0.09923490001,-43.29884865
cv_normal,cathodic,0,1,8,5,400,0,1.04346924,-3.242173247,0.2600198984,-31.64931687,0.1447921562,-1.219811755,0.2626458846,-40.28941291,0.3424050778,0.5432174637,0.06142688636,-0.8221240252,0.2165341739,-3.964539503,0.1228527146,-8.033728251
cv_normal,cathodic,0,1,10,10,100,0,1.043886261,-3.30084434,0.144611643,-85.01000162,0.04774720343,0.277241594,0.1854766989,-812.5450546,0.2730224631,0.7057990157,0.1226261426,-60.84556605,0.1222084651,-3.734780502,0.07766618146,-141.6483657
cv_normal,cathodic,0,1,11,10,200,0,1.026965699,-3.484552053,0.1984362867,-78.34820855,0.1449878152,-0.445891535,0.1877917045,-33.76592475,0.2893585233,0.6439756094,0.08528238449,-13.65593777,0.2212909869,-2.368217711,0.1522423728,-21.84925614
cv_normal,cathodic,0,1,12,10,400,0,1.073204944,-3.521894424,0.2611161497,-40.05624998,0.2077976315,-0.5302943587,0.27366326,-37.98579814,0.3248158207,0.5857815519,0.03578202865,0.2290224524,0.2793250867,-1.76511804,0.176340073,-15.1873393
cv_normal,cathodic,0,1,14,20,100,0,1.02541424,-2.4116754,0.1446127419,-73.3808171,0.09161136274,0.4783719882,0.1599917964,-26.05616224,0.2469020724,0.8022035531,0.0680922169,-15.49083976,0.1134450531,0.2001043336,0.08542599527,-6.713488908
cv_normal,cathodic,0,1,15,20,200,0,0.990870974,-2.237785061,0.1938111591,-70.81100725,0.1580596961,0.1277910824,0.1760067845,-10.91660484,0.2846426916,0.7328138903,0.02957792557,-0.6725106201,0.1655282754,0.04341709001,0.1247521945,-4.98673602
cv_normal,cathodic,0,1,16,20,400,0,1.083859882,-2.966364493,0.2080226378,-13.0211266,0.2516332874,-0.1145047669,0.30011728,-7.353547037,0.2903707019,0.7153232972,0.02194988557,0.8438916141,0.2523245882,-0.1206368361,0.2007188535,-2.736502303
cv_normal,cathodic,0,1,18,50,100,0,1.108632254,-3.510569615,0.151841482,-28.55740122,0.05215537537,0.9114911979,0.1593531686,-9.267618634,0.2729432434,0.7265983903,0.1555578809,-30.021973,0.1951817117,-0.2395571554,0.1797111443,-12.0586518
cv_normal,cathodic,0,1,19,50,200,0,1.105385634,-4.047885852,0.1947317143,-35.40365371,0.07039281624,0.8431994627,0.1913224186,-7.961396198,0.2820444644,0.6713625481,0.1205846601,-12.95904565,0.2026323445,-0.2992969048,0.1827049264,-7.172303159
cv_normal,cathodic,0,1,20,50,400,0,1.237715484,-6.480387821,0.220283743,-13.53866857,0.1168015495,0.6865182492,0.2903212222,-7.341292657,0.2332818162,0.7342677638,0.06597702721,-0.3042030999,0.2124398203,-0.03701945974,0.2180306537,-3.704472191
cv_normal,cathodic,0,1,22,100,100,0,1.143825207,-10.33569932,0.1591393004,-8.261772883,0.05526641044,0.8618538257,0.2154665288,-14.37973533,0.1979462907,0.660512547,0.2040585837,-14.2282141,0.2266003829,-1.322403222,0.1966112016,-11.80577145
cv_normal,cathodic,0,1,23,100,200,0,1.177690726,-16.55262475,0.2242226391,-17.62965754,0.0891544227,0.5395468773,0.2491882024,-17.081378,0.1312291754,0.7820582882,0.1435007215,-6.630519753,0.1834443413,-0.9494328376,0.1664893433,-7.0714108
cv_normal,cathodic,0,1,24,100,400,0,1.300476199,-26.32252068,0.2561953824,-17.53765241,0.1251351599,0.03175860967,0.3261949223,-17.81415824,0.1105717907,0.8024829306,0.09432502152,-1.512846527,0.1331531481,-0.09629596576,0.166292104,-3.889603647
cv_normal,cathodic,100,2,2,0,100,100,1.142804221,-405.67829,0.2169536043,-10531.66545,0.05214254657,-127.7500664,0.1951775327,-128.474594,0.1756131242,-8.603316799,0.02846388567,-180.2979625,0.01547704043,-10.34328438,0.03297627818,-2.695967868
cv_normal,cathodic,100,2,3,0,200,100,1.111115019,-226.9108576,0.2605465172,-22301.86479,0.06553093573,-202.7250196,0.2175664082,-209.2132531,0.1834161467,-5.210436275,0.04563551535,-683.2204112,0.01895445361,-16.04410375,0.05619064794,-13.02182326
cv_normal,cathodic,100,2,4,0,400,100,1.19246952,-115.1211769,0.2895324946,-8085.428792,0.0858271627,-2088.812785,0.3137641883,-1352.777786,0.2223051253,-3.03567148,0.02550270412,-61.73856871,0.03805963432,-409.9482098,0.1129432956,-174.4129079
cv_normal,cathodic,100,2,5,5,0,100,1.228678264,-370.2099677,0.1935391439,-6263.232304,0.06695266099,-36.54944126,0.210955399,-345.9255374,0.1816876543,-7.116973246,0.02480805225,-101.9237401,0.05318276616,-22.69243177,0.035276579,-8.701254645
cv_normal,cathodic,100,2,6,5,100,100,1.17240182,-631.3497197,0.257412361,-3771.957494,0.07634080735,-14.30780648,0.2011358883,-152.1166454,0.1846735996,-14.68967658,0.0622854809,-219.9005313,0.04996381729,-5.557083122,0.03397207155,-3.368047277
cv_normal,cathodic,100,2,7,5,200,100,1.144137771,-357.1370534,0.3014756166,-2240.532289,0.09265095548,-19.08327285,0.2109181464,-188.389191,0.1925967393,-9.148233949,0.07962426607,-155.3621019,0.06331645919,-8.379245935,0.05047129872,-9.844667907
cv_normal,cathodic,100,2,8,5,400,100,1.227757538,-220.5792402,0.3261411077,-681.2933461,0.1187604446,-72.43376443,0.3022477405,-585.6114328,0.2282700277,-6.659521393,0.0566179598,-19.56214814,0.09625703425,-47.24109044,0.1072791413,-72.90179284
cv_normal,cathodic,100,2,9,10,0,100,1.258849032,-410.9867249,0.2087286869,-929.8725675,0.09471017239,-33.56519881,0.2406762441,-248.1157465,0.19308951,-8.692889969,0.03680385457,-27.94093528,0.07696639778,-21.82696259,0.05823665821,-13.58571157
cv_normal,cathodic,100,2,10,10,100,100,1.201438962,-600.7315499,0.2796463859,-1471.756661,0.09310531866,-9.467437589,0.2185483119,-76.87789188,0.198035825,-15.34883773,0.0793436619,-117.5596899,0.06934441146,-4.806498679,0.04682822803,-2.575483048
cv_normal,cathodic,100,2,11,10,200,100,1.170835272,-432.9518357,0.3133689322,-670.7549711,0.1067581651,-12.46684362,0.2158468881,-93.67246039,0.203648237,-12.12838318,0.08660430105,-50.30715524,0.08738476216,-8.022669151,0.0590428811,-6.083814231
cv_normal,cathodic,100,2,12,10,400,100,1.25250464,-290.8818915,0.3198367655,-184.7775325,0.1372692618,-66.45256094,0.291558206,-212.3375248,0.2319710288,-9.011887537,0.04947041576,-3.444547393,0.1410671743,-70.23669799,0.1190995681,-34.59894165
cv_normal,cathodic,100,2,13,20,0,100,1.205125845,-58.09253637,0.2070075885,-118.7271,0.1088737939,-3.977285178,0.2412502743,-173.0267516,0.1546777762,0.02652753931,0.03511087621,-2.444318198,0.07798476724,-1.55367351,0.05274913471,-7.319765046
cv_normal,cathodic,100,2,14,20,100,100,1.163681295,-94.09393862,0.2508229311,-58.00360391,0.0950051329,-0.9006550238,0.2282833314,-47.49944071,0.1720910429,-1.079702729,0.0519397179,-1.530132322,0.06133795476,0.2077399809,0.05217141294,-1.533106939
cv_normal,cathodic,100,2,15,20,200,100,1.137117894,-98.5047918,0.2736689304,-37.87696754,0.1037553295,-0.8531282602,0.2261854343,-44.11755441,0.1818590345,-1.545087801,0.05254941229,-0.4334320774,0.07388596208,0.0602582615,0.0690559593,-3.205509398
cv_normal,cathodic,100,2,16,20,400,100,1.222154377,-115.3737227,0.2762957851,-21.22452945,0.1353423838,-2.957649561,0.2800266713,-300.0833023,0.2200293419,-2.771933188,0.04437724138,0.4266700115,0.1432984522,-3.436624687,0.1236162859,-57.67312997
cv_normal,cathodic,100,2,17,50,0,100,1.28655186,-87.41252768,0.2716913073,-102.3657069,0.1908126864,-6.636843265,0.3273668673,-55.11392415,0.171449623,-0.5701179624,0.06418145555,-4.768250556,0.1032557398,-1.236288297,0.08364895086,-2.663719302
cv_normal,cathodic,100,2,18,50,100,100,1.274941258,-289.1026656,0.3573483027,-212.9413503,0.2069683577,-10.88210703,0.3150314787,-73.37347711,0.1981224589,-6.005494354,0.1061948364,-17.89374657,0.1074096073,-2.200160868,0.07471781095,-3.183680028
cv_normal,cathodic,100,2,19,50,200,100,1.254983261,-301.3635506,0.3867654925,-113.1658513,0.2076717645,-8.81121492,0.3011219704,-64.85437337,0.1989797643,-6.601011589,0.1076835028,-7.849915608,0.1129388121,-1.901712059,0.07272409322,-2.841106636
cv_normal,cathodic,100,2,20,50,400,100,1.33784026,-187.2518397,0.3634588105,-36.42548224,0.2480269073,-18.07567406,0.3110964142,-77.64059922,0.2239922526,-4.277116733,0.07075344727,-0.4182481061,0.2011230215,-11.54312837,0.1135750355,-9.481478941
cv_normal,cathodic,100,2,21,100,0,100,1.200089929,-291.3136064,0.2725030386,-40.53156126,0.2085549875,-9.737356514,0.3073238861,-63.98394759,0.2349542138,-10.20438247,0.07718077515,-2.331607499,0.2021894686,-9.09190781,0.1610323111,-16.84183461
cv_normal,cathodic,100,2,22,100,100,100,1.111292644,-205.4597954,0.3166728753,-64.78838872,0.2124714148,-10.77867493,0.2977772233,-84.18368572,0.1587266692,-3.211903563,0.07155748961,-2.359214308,0.1569160344,-5.424362895,0.1193922137,-12.69384743
cv_normal,cathodic,100,2,23,100,200,100,1.076749771,-164.3784021,0.3497334837,-45.92755363,0.225602468,-14.04519583,0.3080075468,-139.3637752,0.1388880046,-1.751558131,0.0714322691,-0.9576830416,0.1477350051,-5.451741747,0.1135118326,-18.06402486
cv_normal,cathodic,100,2,24,100,400,100,1.156365686,-122.6222771,0.3346480375,-22.51136091,0.2480563726,-16.89270516,0.3365701342,-187.4547553,0.1812168451,-2.036011957,0.04591870508,0.5573296152,0.1965342949,-10.23186613,0.1306459917,-27.39540897
cv_normal,cathodic,200,3,2,0,100,200,0.9359433502,-44.4900538,0.1688687723,-124.2200034,0.06105613602,-46.00323258,0.1647863753,-7.186799348,0.251308973,-2.279693925,0.09700740535,-40.32232955,0.1072750419,-144.0996885,0.09584988807,-1.769840521
cv_normal,cathodic,200,3,3,0,200,200,0.9032410586,-24.94173027,0.2099905442,-157.0910371,0.08309673119,-26.74073674,0.1774485128,-5.78728506,0.2761870016,-1.425482064,0.06755825344,-15.3630628,0.1168660749,-53.86899769,0.1126149926,-1.733655527
cv_normal,cathodic,200,3,4,0,400,200,0.9795192498,-16.65064393,0.2483519628,-239.9794612,0.09273821033,-19.73647242,0.252632159,-13.47401519,0.3313584286,-1.019903619,0.07571276061,-21.39664668,0.1874095339,-83.68389371,0.1618629209,-4.941642311
cv_normal,cathodic,200,3,5,5,0,200,1.046968023,-250.0886044,0.1548994107,-4720.511357,0.05358819755,-128.6336064,0.1877873102,-51.77548325,0.2228888858,-10.37986197,0.1207925664,-2870.189948,0.07687824915,-265.8002744,0.07141897433,-6.633557021
cv_normal,cathodic,200,3,6,5,100,200,0.9702449788,-121.6611217,0.2233392007,-8287.055275,0.05539423832,-6.812142277,0.1755091739,-14.93192597,0.2388476414,-6.433374921,0.06371485047,-673.5343338,0.07549082545,-13.50872678,0.09799666793,-3.966966763
cv_normal,cathodic,200,3,7,5,200,200,0.9364547088,-62.59847951,0.2741085974,-43164.96858,0.0756504126,-5.345689526,0.1714113078,-10.40282556,0.2557186189,-3.742396675,0.02692728024,-415.5634446,0.08811765931,-7.609583103,0.130531463,-5.612473662
cv_normal,cathodic,200,3,8,5,400,200,1.015711666,-38.5620134,0.310861436,-1232.657706,0.1108488102,-13.82718838,0.2348392456,-33.14219177,0.288893813,-2.200471667,0.02609986482,-7.696359689,0.1301306862,-19.43413099,0.1534747837,-13.58223538
cv_normal,cathodic,200,3,9,10,0,200,1.080021983,-324.3662867,0.1848268511,-7018.792199,0.08663933386,-93.56881787,0.2124748284,-70.24082698,0.2180003103,-12.25627741,0.1120794141,-2580.343684,0.07455402049,-69.02609178,0.07038643785,-6.817933132
cv_normal,cathodic,200,3,10,10,100,200,1.000756988,-130.8413535,0.2558362499,-16308.48474,0.07867823536,-6.949470629,0.1874870302,-16.72688058,0.2427982347,-6.760423822,0.0515448258,-661.0430521,0.08216106029,-7.668841411,0.1089830155,-4.989733501
cv_normal,cathodic,200,3,11,10,200,200,0.9674875005,-60.02612439,0.3125918399,-1882.700447,0.1041943822,-4.49867869,0.1629502175,-8.569359525,0.2647943871,-3.571330429,0.00619627211,0.2598537715,0.0983320737,-3.897338592,0.1612871026,-8.375021294
cv_normal,cathodic,200,3,12,10,400,200,1.044852077,-41.11037727,0.3268994508,-218.6219416,0.1429340411,-13.16234461,0.2066372996,-22.55181405,0.294069117,-2.335633653,0.01440176379,0.5737359448,0.1303706401,-10.7821191,0.1869397929,-18.27571262
cv_normal,cathodic,200,3,13,20,0,200,1.113630583,-257.5319081,0.2276530194,-814.9642224,0.1409763757,-30.99681705,0.2520448639,-67.67166928,0.1958218381,-6.993815096,0.07160391125,-79.7230901,0.03891473846,-1.438048425,0.048441782,-1.536659193
cv_normal,cathodic,200,3,14,20,100,200,1.047013967,-136.6666544,0.307936235,-1821.411127,0.1287347553,-8.71994166,0.2199436965,-20.89684632,0.2216056718,-5.167164769,0.01953466447,-6.333928635,0.02139376632,0.7315604329,0.06243666952,-0.7645663329
cv_normal,cathodic,200,3,15,20,200,200,1.014322405,-85.37671846,0.3466699665,-505.7459799,0.1395193654,-5.492811857,0.1880268363,-11.51692254,0.2417630243,-3.907094514,0.06171212636,-15.05827521,0.03509828366,0.5891005186,0.09414318911,-2.137875434
cv_normal,cathodic,200,3,16,20,400,200,1.094324533,-77.24191304,0.3562570996,-176.0756786,0.1766433395,-14.63691283,0.2250400416,-24.9290223,0.2515481168,-3.134179507,0.05461429247,-3.161448098,0.06120798733,-0.8774685892,0.1135421567,-5.600560567
cv_normal,cathodic,200,3,17,50,0,200,1.172391869,-249.9601069,0.3124462525,-638.6644879,0.247852711,-38.70380957,0.3434987906,-88.2993777,0.21074767,-7.109324108,0.05329320525,-17.60995328,0.03703465832,0.1135351562,0.04597860422,-0.5999616543
cv_normal,cathodic,200,3,18,50,100,200,1.113220761,-156.1261618,0.3980327963,-1720.384293,0.2387625587,-24.34549883,0.3142946027,-43.27035076,0.2457781037,-6.659003813,0.0242061638,-5.366372651,0.0350630132,0.453403477,0.06482715695,-0.8834455449
cv_normal,cathodic,200,3,19,50,200,200,1.081663081,-126.356457,0.4313655744,-686.3650707,0.2368008419,-16.35718243,0.2903500399,-31.04932938,0.2610274862,-6.416678212,0.05895346428,-11.8385257,0.04109699318,0.4772032963,0.07909929737,-1.37859454
cv_normal,cathodic,200,3,20,50,400,200,1.159715416,-105.5306813,0.4290554044,-161.2448587,0.2684248904,-24.18934973,0.2854972875,-34.00247092,0.2368240474,-3.442459143,0.0675266824,-3.018787257,0.04332445115,0.343798035,0.09499848136,-2.87550281
cv_normal,cathodic,200,3,21,100,0,200,0.9309449211,-53.26339693,0.2039948623,-18.58936056,0.1502690257,-0.7905558413,0.2356329172,-9.083164278,0.3035857778,-4.770611646,0.1236565565,-6.198070523,0.03081856197,0.9246863546,0.08689857376,-0.3713560282
cv_normal,cathodic,200,3,22,100,100,200,0.9048321065,-96.85272789,0.2890035855,-59.66972252,0.1869171129,-3.29574279,0.2257729038,-13.47197878,0.2466491221,-6.271032409,0.03180934986,0.2650206578,0.08577664289,0.09535490938,0.0889289981,-1.24528295
cv_normal,cathodic,200,3,23,100,200,200,0.8853078598,-96.46103754,0.3450919688,-51.14081622,0.2157344296,-6.373045227,0.2258120953,-19.84764398,0.2413841469,-6.24535849,0.07949411816,-1.766802205,0.1588044065,-2.995149859,0.09185199182,-2.44936965
cv_normal,cathodic,200,3,24,100,400,200,0.97654413,-88.08848588,0.3433392957,-26.61319944,0.2493310087,-10.64983997,0.2674345408,-35.66463323,0.2428645155,-4.510182221,0.08840036255,-0.8305339929,0.1762871631,-4.823830805,0.05012288408,-0.2879068502
cv_normal,cathodic,400,4,2,0,100,400,1.0261883,-151.8043629,0.1912343525,-379.0875346,0.04336812095,-95.65560638,0.1874393907,-30.79617597,0.04995740543,0.6378559227,0.06301015115,-40.26414494,0.06291054983,-202.3915007,0.02029015466,0.6274162764
cv_normal,cathodic,400,4,3,0,200,400,0.9889568319,-76.93845641,0.228205226,-314.2102639,0.06185369125,-49.25525603,0.2042623955,-20.14242254,0.05514430693,0.757674847,0.03365662845,-5.856309217,0.07607814993,-75.02739869,0.03883826238,0.2356408139
cv_normal,cathodic,400,4,4,0,400,400,1.063962017,-43.35184839,0.2641604326,-319.5567026,0.07911390213,-30.23210952,0.2812319484,-32.40474017,0.1117595078,0.5106400344,0.0311710589,-3.463468145,0.07883867864,-30.01518536,0.1082284463,-3.947224684
cv_normal,cathodic,400,4,5,5,0,400,1.137770464,-129.5516033,0.1452643912,-187.4433623,0.01774374414,-26.97835396,0.194284794,-27.65756609,0.1275036281,-0.6395247782,0.1113531386,-109.7305438,0.06497101296,-374.1205903,0.01320788735,0.867557188
cv_normal,cathodic,400,4,6,5,100,400,1.055380532,-64.40777016,0.1978599144,-144.0131794,0.02991838781,-18.74940362,0.2035874662,-16.05071372,0.103347513,0.3727924954,0.06336420482,-13.8723576,0.07455118178,-121.6271614,0.01211209665,0.9396497403
cv_normal,cathodic,400,4,7,5,200,400,1.019441698,-46.74853898,0.2375734787,-159.0252597,0.04763976308,-19.52591401,0.2234545093,-13.27929215,0.1064692303,0.4791849457,0.03761260156,-3.011061986,0.07685684233,-52.42301499,0.03095471021,0.7259802168
cv_normal,cathodic,400,4,8,5,400,400,1.09208042,-29.30147877,0.2695937888,-145.925617,0.07112669188,-13.91309407,0.3007695691,-15.35430621,0.1506637803,0.4232703195,0.03819683947,-1.949392814,0.08863240847,-22.15728491,0.1108388921,-1.221000673
cv_normal,cathodic,400,4,9,10,0,400,1.16618536,-168.3668971,0.1720893748,-353.7083647,0.05269172138,-402.5689498,0.2201733395,-44.06228749,0.1372138386,-1.344710285,0.08402981445,-83.57268632,0.05349764205,-415.008546,0.02396982909,0.4659109804
cv_normal,cathodic,400,4,10,10,100,400,1.085536297,-99.39449943,0.2297752419,-297.6451713,0.03811914225,-44.55690395,0.2293204979,-28.77427758,0.09450566934,0.2390835998,0.0328548706,-5.105884085,0.04959528071,-76.11674102,0.03840491652,0.1649179828
cv_normal,cathodic,400,4,11,10,200,400,1.048325431,-58.43194921,0.2668501887,-257.2087471,0.03243167551,-8.933416912,0.242858026,-18.44044964,0.1039930349,0.4151611191,0.03011578157,-2.288699551,0.05306961498,-25.59817045,0.04593010446,0.3046615411
cv_normal,cathodic,400,4,12,10,400,400,1.121551614,-36.22951584,0.3039434406,-272.8484778,0.04632379328,-6.358852157,0.313540943,-23.47179247,0.149356368,0.3397683383,0.05160100909,-6.892983042,0.04841647816,-7.038744748,0.1042506313,-1.705419697
cv_normal,cathodic,400,4,13,20,0,400,1.216336023,-172.6329907,0.2162773816,-453.0560577,0.1097709224,-1376.639437,0.2660121563,-60.04308868,0.1660039689,-2.234164093,0.03979422311,-14.37189215,0.07558922652,-652.2519917,0.06830174581,-3.02436295
cv_normal,cathodic,400,4,14,20,100,400,1.134594911,-117.5527009,0.2741895963,-452.1068602,0.09574035223,-381.9531394,0.2759009772,-46.10818881,0.1134109309,-0.184512424,0.02678889657,-3.325221414,0.05908501281,-144.8512852,0.0797460078,-2.935571724
cv_normal,cathodic,400,4,15,20,200,400,1.098093532,-70.31298352,0.311265811,-368.8376452,0.0774435422,-74.17162009,0.2868194957,-29.36418963,0.1141869475,0.2288784038,0.06233069589,-13.83037813,0.05355352896,-34.9467541,0.08917798621,-1.935348573
cv_normal,cathodic,400,4,16,20,400,400,1.170543637,-38.18270342,0.344492512,-321.8904545,0.06827099447,-17.32653982,0.3467512047,-29.22607116,0.1791026991,0.08267455276,0.08315175068,-17.81214979,0.0621055524,-14.16592398,0.1315182436,-3.348282424
cv_normal,cathodic,400,4,17,50,0,400,1.279374974,-157.4720191,0.3010022182,-701.8044727,0.2281497396,-8235.482031,0.3681960335,-97.7878626,0.2336016756,-4.283342878,0.04732544213,-16.37338663,0.1780575559,-5015.75181,0.1778562712,-22.0506801
cv_normal,cathodic,400,4,18,50,100,400,1.199117082,-97.89153407,0.3574539949,-548.5406511,0.2057360758,-1121.572811,0.3710073384,-60.91902974,0.196644679,-1.659502071,0.1058321943,-47.17204853,0.164330286,-715.1909647,0.185900242,-14.54601394
cv_normal,cathodic,400,4,19,50,200,400,1.164730119,-68.92934538,0.3998160759,-573.0220427,0.1935692836,-384.9865025,0.380722305,-47.18252861,0.1951591825,-0.9633007412,0.1463763043,-75.93954631,0.1616494025,-268.1828829,0.1969312551,-11.8914641
cv_normal,cathodic,400,4,20,50,400,400,1.235754952,-33.28671932,0.4307824324,-447.2395566,0.1724216172,-90.02926706,0.4185405816,-38.10212237,0.253956453,-0.4480371996,0.1650319923,-64.78554801,0.1540616189,-71.67524963,0.2117454847,-9.008142948
cv_normal,cathodic,400,4,21,100,0,400,1.109296066,-138.5219767,0.310625045,-1083.981251,0.2385691693,-9399.561397,0.3740977597,-116.2860107,0.1736861833,-2.420410401,0.05647022754,-34.85819056,0.2398457063,-9500.431678,0.2356890532,-45.55376643
cv_normal,cathodic,400,4,22,100,100,400,1.034269912,-94.37521635,0.372337733,-779.9871017,0.2218232196,-1731.623185,0.3820926508,-85.78333534,0.1618942068,-1.336847498,0.1179131766,-77.3239245,0.2105211256,-1559.563624,0.2297572174,-30.37886957
cv_normal,cathodic,400,4,23,100,200,400,1.000450362,-58.69881773,0.410637637,-649.9451984,0.2027852827,-473.6678535,0.388497622,-55.35958303,0.1881035857,-1.110419482,0.1530785122,-89.45975114,0.1893168445,-412.7094773,0.2219712476,-17.39858772
cv_normal,cathodic,400,4,24,100,400,400,1.074281082,-36.36101597,0.4445386665,-534.0456557,0.1886241082,-154.0989678,0.4364550705,-50.35041417,0.1990436927,-0.2825658218,0.1750207667,-81.93749643,0.182804445,-144.6760014,0.239114235,-14.4125936
cv_gc,anodic,0,1,6,5,100,0,1.205771619,-5.021765239,1.914200575,-1126.981768,0.4185443431,-6.628589627,0.1833234628,-15.97151477,3.385737034,-46.47884591,6.804655057,-14253.08765,1.848862939,-147.8575045,0.2175284084,-22.89551895
cv_gc,anodic,0,1,7,5,200,0,1.202718179,-5.346805589,1.869876275,-488.782832,0.4569841994,-3.027564363,0.2920474343,-8.321077796,3.408488936,-49.97429432,6.825790045,-6525.549956,1.946225769,-72.05106603,0.3067023934,-9.280013205
cv_gc,anodic,0,1,8,5,400,0,1.250129682,-6.130703199,1.856112926,-204.1637335,0.5641991571,-2.213459429,0.5538855408,-12.503953,3.411273119,-52.09519382,6.795349186,-2748.89024,1.986083121,-38.82014122,0.4362032015,-7.375265034
cv_gc,anodic,0,1,10,10,100,0,2.238431943,-17.00042977,4.542427824,-6655.106754,0.9803628754,-34.0877929,0.1688132636,-9.992595657,2.960468912,-30.48589875,5.892105287,-11198.15371,1.669055114,-100.7006416,0.19044838,-12.99077225
cv_gc,anodic,0,1,11,10,200,0,2.229723057,-18.53199699,4.509250935,-3406.997789,0.9514085147,-13.97352598,0.2803571086,-6.913443245,2.973279907,-33.73092827,5.890829289,-5815.254093,1.785663071,-51.7459413,0.2600277444,-5.807407127
cv_gc,anodic,0,1,12,10,400,0,2.243287925,-21.10891556,4.463496386,-935.8586999,1.01976537,-6.01873362,0.5388959305,-9.73987516,2.993520429,-38.36967743,5.870170265,-1619.41075,1.905698947,-23.51132728,0.4215012245,-5.570328842
cv_gc,anodic,0,1,14,20,100,0,1.465763031,0.8814656458,0.5647491132,0.9654615083,0.1371063625,0.980683602,0.2656109048,-1.505060017,7.05687274,-1.74752265,13.70548263,-19.34140372,3.319866716,-10.32536542,0.2128314177,-0.608413868
cv_gc,anodic,0,1,15,20,200,0,1.470580101,0.8951387404,1.700618091,0.7566660081,0.3826924953,0.8709060755,0.3939032611,-2.564101351,7.369347145,-1.633272053,14.84915359,-17.55207923,3.583728737,-10.32077531,0.2819366423,-0.8258871792
cv_gc,anodic,0,1,16,20,400,0,1.598798502,0.8402985533,1.908756239,0.6099938475,0.6006937931,0.7061061292,0.6832915381,-5.759929884,6.604217925,-1.724985376,14.91640127,-22.81763495,3.772023368,-10.58865381,0.4483152161,-1.910027313
cv_gc,anodic,0,1,18,50,100,0,1.982367546,0.8100897358,3.704835018,-0.1353169242,0.9546034743,0.3092893245,0.2470266828,-0.7230818629,6.472320754,-1.024417783,13.16627023,-13.33853877,3.161210188,-6.574550982,0.2176755757,-0.3379429074
cv_gc,anodic,0,1,19,50,200,0,2.15451831,0.7683035313,3.406953904,0.0957411871,0.9092920045,0.3460864696,0.3584775216,-1.3934872,6.326518147,-0.9977841007,13.37699534,-12.94046904,3.19903388,-7.093777441,0.3131235221,-0.826159217
cv_gc,anodic,0,1,20,50,400,0,3.671377088,-0.0009053776708,4.959588748,-3.127133813,0.7032478255,0.6562227096,0.6393938243,-3.242974206,5.228639725,-1.03007682,12.30154073,-24.39079132,3.397532131,-7.023937431,0.5601106168,-2.255975486
cv_gc,anodic,0,1,22,100,100,0,1.229350543,-15.34536558,1.257063488,-88.99987712,0.3293862918,-1.001318834,0.2530990627,-4.31146125,3.793744698,-154.660839,7.668897049,-3348.602771,2.036667198,-75.51478782,0.2408849396,-3.811187033
cv_gc,anodic,0,1,23,100,200,0,1.276310253,-17.02506788,1.309688361,-71.54966162,0.3695132534,-0.5642265704,0.3753793171,-2.844369577,3.798594063,-158.6651609,7.669135986,-2486.667497,2.048478897,-47.07315301,0.3656196011,-2.647064071
cv_gc,anodic,0,1,24,100,400,0,1.327898179,-13.56971082,1.333982038,-50.855457,0.3618255589,-0.03123375001,0.6062630437,-4.17230734,3.770359555,-116.4591673,7.589430069,-1677.467086,1.969378026,-29.55039364,0.6281514877,-4.552530044
cv_gc,anodic,100,2,2,0,100,100,1.785230233,-77.6564463,2.666406238,-37466.43721,0.7414440368,-2501.123249,0.3080883415,-1812.237983,0.7623566451,-13.34373442,1.347216541,-9563.806042,0.2672776631,-324.1451467,0.1186554174,-267.9548758
cv_gc,anodic,100,2,3,0,200,100,1.766464168,-81.36508885,2.62347851,-30600.02026,0.7124739595,-864.8259849,0.4233881175,-10507.57289,0.7636474387,-14.39285951,1.408727954,-8822.383374,0.3108444187,-163.8081832,0.1428431056,-1195.148164
cv_gc,anodic,100,2,4,0,400,100,1.761204747,-42.02213111,2.60965392,-12949.74873,0.7121992528,-274.6495667,0.6320521494,-96.26579,0.746844388,-6.736285147,1.466834624,-4090.582841,0.3642679074,-71.11010174,0.1908298834,-7.866394757
cv_gc,anodic,100,2,5,5,0,100,3.013936957,-356.7560302,5.642454365,-10827690.35,1.403201574,-10976.0731,0.1496862508,-12.23566577,1.04320648,-41.86069281,1.641823834,-916753.1169,0.4470790687,-1113.33329,0.05622907359,-0.8676858432
cv_gc,anodic,100,2,6,5,100,100,3.005527976,-293.9232267,5.630598104,-85196.0565,1.448024815,-7207.123917,0.2617825064,-120.7619868,1.028437551,-33.53212297,1.617518634,-7029.951724,0.4743735327,-772.5905129,0.08180937751,-10.89150052
cv_gc,anodic,100,2,7,5,200,100,2.993060789,-297.5483226,5.602883405,-45644.64063,1.453129092,-34105.19734,0.393483193,-843.1793803,1.006625771,-32.76911272,1.567921321,-3573.577094,0.4853086559,-3803.179321,0.1266556951,-86.4644988
cv_gc,anodic,100,2,8,5,400,100,3.001849956,-150.6169809,5.609909391,-22347.46479,1.479856346,-10881.12055,0.6692123444,-3911.920841,0.9896436015,-15.4788737,1.543609601,-1691.041241,0.5327976336,-1409.584116,0.2075882369,-375.5118555
cv_gc,anodic,100,2,9,10,0,100,4.203550771,-603.5884263,8.26983896,-1125252.463,2.030667513,-9929.083181,0.1608342704,-11.52391442,2.221497359,-167.8569099,4.267220405,-299602.1693,1.072884288,-2770.922063,0.08504047495,-2.501339786
cv_gc,anodic,100,2,10,10,100,100,4.191483448,-772.3309315,8.24736543,-78629.73099,2.061825729,-1906.710857,0.2108560984,-15.70130077,2.206992896,-213.4034359,4.230095914,-20684.32108,1.087007209,-529.2412257,0.0788619387,-1.336215298
cv_gc,anodic,100,2,11,10,200,100,4.155655494,-853.4768035,8.170240944,-23695.04605,2.075307369,-7547.642301,0.3472952026,-198.1321509,2.166857368,-231.3174615,4.131004702,-6056.836326,1.101098925,-2123.988908,0.1241910412,-24.46386672
cv_gc,anodic,100,2,12,10,400,100,4.141283146,-295.4802141,8.143398217,-12130.23549,2.106369014,-10094.09823,0.6199104206,-346.7299644,2.141799665,-78.30189374,4.079386122,-3043.271042,1.126054599,-2884.097747,0.1938145077,-32.99044163
cv_gc,anodic,100,2,13,20,0,100,6.227764707,-1825.939898,12.61646738,-193142.067,3.077074358,-5731.551391,0.2039304802,-54.84168682,4.291754289,-866.6200268,8.610911145,-89969.84535,2.120717671,-2721.937576,0.1629627826,-34.65915996
cv_gc,anodic,100,2,14,20,100,100,6.187542875,-2135.806592,12.54159694,-46106.29165,3.004477838,-738.8220755,0.1668215191,-2.426890788,4.247560014,-1005.9498,8.517124656,-21263.24369,2.03258641,-337.6002789,0.1372324556,-1.319048277
cv_gc,anodic,100,2,15,20,200,100,6.155813308,-2179.97005,12.47706123,-21326.88203,3.026790837,-594.0581517,0.2028361881,-7.437521625,4.214537479,-1021.300709,8.431974383,-9739.509487,2.046389148,-271.0013354,0.2133492957,-8.334830691
cv_gc,anodic,100,2,16,20,400,100,6.130785806,-1909.295664,12.42716144,-9317.753326,3.102052907,-694.3019496,0.3899403551,-804.1250047,4.183700493,-888.5891468,8.377220656,-4233.614158,2.085349511,-313.2192263,0.1395173593,-102.067904
cv_gc,anodic,100,2,17,50,0,100,8.880084699,-4681.594262,18.13865403,-181161.5207,4.394235437,-3838.196272,0.2506413087,-14.80127168,6.954614037,-2871.092202,14.12807203,-109905.6678,3.428123162,-2335.611468,0.2577702705,-15.71292236
cv_gc,anodic,100,2,18,50,100,100,8.841893278,-6552.246284,18.06249966,-70198.81848,4.359953181,-1399.167051,0.2205309845,-3.803853671,6.913298341,-4005.2362,14.03364038,-42375.09873,3.380193196,-840.5874465,0.2482795388,-5.088809651
cv_gc,anodic,100,2,19,50,200,100,8.800730388,-4090.725364,17.97578298,-31471.74722,4.386577603,-1109.869096,0.2469403126,-2.548326954,6.872079633,-2493.855577,13.93893831,-18923.23851,3.387363216,-661.422058,0.3250308903,-5.147363835
cv_gc,anodic,100,2,20,50,400,100,8.765448092,-2251.226414,17.90520629,-16555.42807,4.457555871,-3453.447876,0.2971499359,-6.903741921,6.840046879,-1370.456255,13.90371447,-9982.197646,3.383803775,-1989.652229,0.2963319694,-6.860288452
cv_gc,anodic,100,2,21,100,0,100,1.721312198,-285.1895798,2.515441924,-777.0381008,0.7823627876,-74.74860866,0.2907046833,-15.20810549,0.7868996622,-58.80992286,1.447515056,-256.6430636,0.3315797508,-12.60611982,0.04741419933,0.5688334706
cv_gc,anodic,100,2,22,100,100,100,1.682858435,-212.0394702,2.445505899,-459.8207021,0.728758111,-32.75553118,0.3291549802,-18.27788125,0.8158637554,-49.07260499,1.523685898,-177.8897463,0.3989464889,-9.115967795,0.06019520445,0.3552635443
cv_gc,anodic,100,2,23,100,200,100,1.65757744,-114.9624034,2.390009931,-333.5011667,0.7347511064,-24.60864468,0.3348619279,-6.399510831,0.837618026,-28.61158016,1.594690887,-147.9193907,0.4023903373,-6.680706743,0.144626301,-0.3802762688
cv_gc,anodic,100,2,24,100,400,100,1.629282425,-42.67904891,2.331519936,-207.5670422,0.8177408205,-83.43507134,0.3061758863,-2.903111117,0.8687881245,-11.41961633,1.682240813,-107.5784772,0.3541024789,-14.83249842,0.2869227141,-2.427668463
cv_gc,anodic,200,3,2,0,100,200,1.56709256,0.7192038982,2.29715889,-0.3014598671,0.4566408018,0.6620972329,0.2868741043,-7.302527638,4.098251971,-0.9204326903,8.124097982,-15.27792393,1.865051692,-4.636688915,0.08844625013,0.2108010737
cv_gc,anodic,200,3,3,0,200,200,1.571842966,0.7187488152,2.313876136,-0.3154733448,0.4528854843,0.6759364666,0.4071346518,-22.24368181,4.105818423,-0.9190024401,8.148422309,-15.31356571,1.883517394,-4.605219591,0.09744627008,-0.3315553617
cv_gc,anodic,200,3,4,0,400,200,1.59241677,0.7146511882,2.284717448,-0.2892553094,0.4398474817,0.7044549077,0.6843336957,-73.53852334,4.092919731,-0.8850767557,8.132449319,-15.33490687,1.911376072,-4.580997424,0.1536532448,-2.757754533
cv_gc,anodic,200,3,5,5,0,200,1.002589812,0.8868131431,0.722678791,0.8703002604,0.2842545105,0.8641919443,0.1544512777,-1.091091196,2.665949113,0.1996994109,5.118656465,-5.506695032,1.127182908,-1.135500079,0.04594348584,0.8149718319
cv_gc,anodic,200,3,6,5,100,200,0.9865621267,0.8903409486,0.7160005144,0.8757326979,0.3413686184,0.803526567,0.2618634237,-8.103470979,2.672370122,0.1953837093,5.137320582,-5.397400446,1.098090228,-1.032978093,0.06222461409,0.4859779466
cv_gc,anodic,200,3,7,5,200,200,0.9940883169,0.8886544608,0.727930584,0.8719815847,0.369501258,0.7725581515,0.3792467305,-27.60801974,2.668037988,0.1979399206,5.134698849,-5.369751183,1.095226214,-0.9982333069,0.07040528577,0.014050577
cv_gc,anodic,200,3,8,5,400,200,1.050751617,0.876927255,0.7572524549,0.8612113086,0.3884434622,0.7573405706,0.6548743467,-99.03030998,2.658601407,0.212105237,5.119905573,-5.344488342,1.113803915,-0.99507405,0.1115210913,-1.900879439
cv_gc,anodic,200,3,9,10,0,200,1.753724014,0.6558033045,3.318917449,-1.700211115,0.905564952,-0.3877610603,0.1494157791,-0.9912786093,1.44246864,0.7671388926,2.511137939,-0.5457738605,0.5033369781,0.5712608323,0.04957025103,0.7808298839
cv_gc,anodic,200,3,10,10,100,200,1.738446185,0.6648624426,3.295991691,-1.549040187,0.9885914678,-0.6733449887,0.2498589212,-7.933861444,1.461529171,0.7631269929,2.544262077,-0.5188964094,0.454648264,0.6460818413,0.06841977843,0.3300956181
cv_gc,anodic,200,3,11,10,200,200,1.731156906,0.6734958304,3.259557898,-1.440496299,1.020218076,-0.7180975103,0.3657170859,-35.23874169,1.485165754,0.7596933887,2.58935076,-0.540077316,0.4539738258,0.659808539,0.08439985542,-0.9300386834
cv_gc,anodic,200,3,12,10,400,200,1.7666872,0.6657426211,3.267697396,-1.462775422,1.016374868,-0.6347265593,0.6339164536,-102.3792654,1.488433306,0.7627422337,2.594103719,-0.5520861344,0.4875411525,0.6238510597,0.090492898,-1.106679098
cv_gc,anodic,200,3,13,20,0,200,3.664111826,-0.4738116319,7.611870883,-12.88490603,1.947667921,-5.448901092,0.1726166509,-1.951134405,0.8567313348,0.9194262005,1.789165338,0.232883947,0.5646033455,0.4580705056,0.1121415946,-0.2455382564
cv_gc,anodic,200,3,14,20,100,200,3.682744502,-0.5099974997,7.65795951,-12.65794777,2.052198358,-6.609442469,0.242535408,-6.665216147,0.8801209481,0.9137582095,1.829388711,0.2205804311,0.6484170655,0.2403333881,0.1156284544,-0.7422222099
cv_gc,anodic,200,3,15,20,200,200,3.693918515,-0.5102123096,7.668003743,-12.55140296,2.108294172,-6.693688167,0.3564404389,-43.32761789,0.8974328135,0.9108610993,1.831985437,0.2264940457,0.6854076256,0.1868511964,0.1392730127,-5.767595518
cv_gc,anodic,200,3,16,20,400,200,3.69789521,-0.4614603209,7.637890917,-12.29313667,2.112891015,-6.289561005,0.6079093854,-136.0425498,0.9044251226,0.9125775319,1.788158933,0.271393905,0.6487699565,0.312728013,0.1088828153,-3.396392078
cv_gc,anodic,200,3,17,50,0,200,6.282132895,-3.270666632,13.12890879,-39.37922744,3.28863003,-17.57472469,0.2613014251,-6.093263458,3.422444185,-0.2675181341,7.303301755,-11.49508552,1.896612236,-5.178021926,0.217851388,-3.93041183
cv_gc,anodic,200,3,18,50,100,200,6.290285894,-3.30724469,13.14862603,-38.39914551,3.366306879,-19.67378783,0.2913914231,-8.040139102,3.432953136,-0.2829050798,7.316093085,-11.19788406,1.953180821,-5.959812635,0.2074157145,-3.580415734
cv_gc,anodic,200,3,19,50,200,200,6.337837631,-3.434050926,13.23383382,-38.6362697,3.486967725,-20.47002508,0.4072381558,-78.63753709,3.479985854,-0.3368214834,7.393702824,-11.37215645,2.053280198,-6.444458859,0.2477401952,-28.47228764
cv_gc,anodic,200,3,20,50,400,200,6.377644308,-3.437865692,13.28650626,-39.63946407,3.508158526,-19.77294874,0.6146662296,-246.0772953,3.5118443,-0.3456250767,7.433874153,-11.72204094,2.036594637,-6.000820151,0.2155975055,-29.39776096
cv_gc,anodic,200,3,21,100,0,200,1.483556487,0.7541512606,2.197710993,-0.1115343485,0.4517347307,0.5930065462,0.4140415362,-32.55417238,4.005144031,-0.7918270539,8.022835374,-13.81281122,1.655435672,-4.465691046,0.2776055856,-14.08395087
cv_gc,anodic,200,3,22,100,100,200,1.496683195,0.7498953967,2.192988502,-0.08886862404,0.4247605487,0.6157663247,0.4938690212,-46.10833204,4.007327912,-0.7929644674,8.023081128,-13.574214,1.63424125,-4.687735811,0.2861520817,-14.81495558
cv_gc,anodic,200,3,23,100,200,200,1.50681418,0.7466964203,2.157469233,-0.02719700946,0.4725628671,0.5454028619,0.6024311097,-158.4042795,3.993594422,-0.7793027262,7.991881028,-13.09491769,1.558443551,-3.944127528,0.2970756071,-37.7631607
cv_gc,anodic,200,3,24,100,400,200,1.577540228,0.7299249501,2.169964342,-0.03128818047,0.5307908054,0.5065462919,0.7957983975,-142.085974,4.011654354,-0.7465080562,8.014197145,-13.06678627,1.562527169,-3.276168296,0.3269813738,-23.15666474
cv_gc,anodic,400,4,2,0,100,400,1.008563032,-4.728097872,0.2020099971,-223.1812964,0.1049254403,-833.2821563,0.2712219147,-13.82948974,2.342637627,-29.90399095,4.773423184,-125172.8263,1.189520788,-107223.8449,0.06940941716,0.02878932351
cv_gc,anodic,400,4,3,0,200,400,1.005855208,-3.494460599,0.1961853038,-13103.34949,0.1397401647,-207.861284,0.4072530601,-76.65522252,2.352367111,-23.58197865,4.788553773,-7807126.319,1.160352524,-14400.08932,0.09608251407,-3.322456909
cv_gc,anodic,400,4,4,0,400,400,1.055475881,-3.858618494,0.2060213494,-99.56335477,0.1905357501,-25.7782364,0.7058583061,-4101.083333,2.360231661,-23.2954773,4.792264952,-54411.28201,1.118215838,-921.3171866,0.3656736085,-1099.922263
cv_gc,anodic,400,4,5,5,0,400,1.772034118,-10.22967509,3.087435915,-7927.233148,0.7192989426,-5661.829474,0.1334035107,-0.3946685512,1.023107018,-2.743390723,1.857347464,-2868.23965,0.5696890706,-3551.142791,0.1849028571,-1.679314744
cv_gc,anodic,400,4,6,5,100,400,1.761404125,-6.711970675,3.065075187,-12710.12657,0.7244934712,-8051.887471,0.2368792567,-3.461326932,1.068039412,-1.835449453,1.88056587,-4783.966242,0.5642570455,-4883.686086,0.1017680156,0.176558788
cv_gc,anodic,400,4,7,5,200,400,1.755639533,-6.108350727,3.058524846,-132172.4196,0.7689980174,-19303.19914,0.3711316345,-20.78102795,1.06630027,-1.622147894,1.888440592,-50386.95752,0.5182194891,-8765.55239,0.05676016804,0.4905403784
cv_gc,anodic,400,4,8,5,400,400,1.785978923,-6.297944479,3.087617552,-17314.19692,0.8712138194,-540.3153393,0.6868515507,-1035.051314,1.048025133,-1.512993076,1.863125969,-6303.706468,0.4250613877,-127.8558482,0.3410932305,-254.5063513
cv_gc,anodic,400,4,9,10,0,400,2.899361935,-34.02028078,5.723194375,-33770.39972,1.360482324,-25110.99084,0.1251844294,-0.4310956815,0.5392831289,-0.211569762,0.7838306048,-632.4560706,0.07873640118,-83.10977241,0.1996402613,-2.639689218
cv_gc,anodic,400,4,10,10,100,400,2.887709674,-27.41928153,5.711427287,-81820.18314,1.384235873,-70776.83805,0.2280085959,-5.271333623,0.5411860037,0.001842323147,0.769960613,-1486.008565,0.09850292008,-357.406026,0.09984908603,-0.202667714
cv_gc,anodic,400,4,11,10,200,400,2.881509101,-24.54144875,5.701945464,-13971953.13,1.4279857,-21499.33059,0.3645797115,-36.83799088,0.5330892993,0.1258107403,0.7578516334,-246818.4695,0.1420006607,-211.6072899,0.0391942457,0.5626917244
cv_gc,anodic,400,4,12,10,400,400,2.892959541,-25.75190762,5.702378422,-46361.52494,1.493850085,-1333.583024,0.6642077481,-2049.215988,0.5177822056,0.143032645,0.75455479,-810.7766805,0.2177982905,-27.3687694,0.3160744645,-463.2699372
cv_gc,anodic,400,4,13,20,0,400,4.909022556,-92.00756786,10.04515292,-90958.65268,2.382002722,-69588.55767,0.136315876,-0.5613464416,2.482815378,-22.79124042,5.102857316,-23471.67244,1.096319071,-14740.22269,0.2398890483,-3.835342518
cv_gc,anodic,400,4,14,20,100,400,4.898980509,-70.10997226,10.02838736,-193705.6851,2.400212914,-194804.1967,0.2184095264,-3.984401323,2.481749958,-17.2488345,5.085102725,-49805.02349,1.1138484,-41951.04855,0.1470586911,-1.259702369
cv_gc,anodic,400,4,15,20,200,400,4.896789268,-78.02979288,10.03143796,-1051627.155,2.439016625,-215381.126,0.3426777752,-24.47560049,2.469996966,-19.10762855,5.086754087,-270405.6123,1.151777777,-48029.54646,0.06903328988,-0.03387895199
cv_gc,anodic,400,4,16,20,400,400,4.899725349,-69.03994301,10.02527255,-191315.3142,2.512462298,-3735.802656,0.6416556812,-1843.439098,2.467742314,-16.76650189,5.077610649,-49076.04674,1.225981602,-888.7519766,0.2944405129,-387.3786639
cv_gc,anodic,400,4,17,50,0,400,7.558304535,-184.7521425,15.58061209,-189841.6637,3.692300459,-199015.0187,0.2130183894,-2.453722796,5.158263133,-85.51512591,10.63868711,-88510.73659,2.40494036,-84430.12712,0.2856870051,-5.212040183
cv_gc,anodic,400,4,18,50,100,400,7.554280778,-161.6973585,15.57647511,-561911.8583,3.731476816,-835958.9163,0.2742755067,-7.288383763,5.156227634,-74.79811765,10.63374434,-261879.4198,2.443623747,-358501.8666,0.2127121905,-3.985176728
cv_gc,anodic,400,4,19,50,200,400,7.543083472,-130.8381151,15.55289137,-5727294.358,3.78489951,-42360.71831,0.3958647146,-51.4745143,5.147497086,-60.39533548,10.60890547,-2664822.58,2.496718991,-18432.34667,0.1854194657,-10.51238998
cv_gc,anodic,400,4,20,50,400,400,7.529209756,-155.4867052,15.52495044,-235834.7115,3.822681678,-5293.402146,0.6518636079,-2913.962212,5.123398882,-71.45944317,10.57798004,-109483.9971,2.535566051,-2328.327278,0.3214557529,-707.8622717
cv_gc,anodic,400,4,21,100,0,400,0.9661641701,-2.22298181,0.1131378402,-9.918994733,0.2593857908,-690.1169252,0.3516287164,-8.338817404,2.35550721,-18.15688423,4.874159735,-20264.92375,1.287181709,-17018.18993,0.1362696782,-0.4025607269
cv_gc,anodic,400,4,22,100,100,400,0.9569362996,-1.602157456,0.09566420347,-14.5664918,0.2694751854,-1979.224508,0.4497720075,-19.23556439,2.367175211,-14.92312567,4.886481044,-40613.79488,1.267476185,-43807.30883,0.1692314287,-1.864788193
cv_gc,anodic,400,4,23,100,200,400,0.9583733991,-1.553059892,0.07843420323,-93.82087197,0.3044695914,-1177.749307,0.590618347,-78.57152438,2.368801346,-14.59727695,4.893796367,-369133.6002,1.23425024,-19369.4648,0.2853625189,-17.57537843
cv_gc,anodic,400,4,24,100,400,400,1.01291298,-1.891192714,0.07668903685,-19.94537444,0.3694144635,-93.22282006,0.8840796153,-2443.279857,2.368879213,-14.81315768,4.882845599,-84910.70176,1.180563958,-961.2930484,0.5418400784,-917.143208
cv_gc,cathodic,0,1,6,5,100,0,1.162606339,-4.819897664,1.915171891,-6258.536872,0.4866886867,-51.73561102,0.07982096194,-62.53254806,4.622324746,-90.99641061,9.368311862,-149777.4608,2.191179812,-1067.950307,0.1308360671,-169.6936326
cv_gc,cathodic,0,1,7,5,200,0,1.147281602,-4.371646704,1.918338253,-3004.169596,0.4864257903,-29.57660932,0.1060861177,-36.71460779,4.620542068,-86.12709621,9.360175091,-71545.19762,2.204325012,-626.9244517,0.1452580729,-69.70873039
cv_gc,cathodic,0,1,8,5,400,0,1.15418264,-4.294457355,1.938483752,-1641.37472,0.5015571363,-23.05980542,0.1616030262,-31.41953719,4.608554894,-83.41155651,9.325709232,-38010.20714,2.216966313,-469.0775068,0.1713113414,-35.43175258
cv_gc,cathodic,0,1,10,10,100,0,2.101765221,-16.07136715,4.229460295,-70107.46668,0.9940717125,-65.44505583,0.09848592478,-11.16766239,4.626893276,-81.73301751,9.371520031,-344206.7465,2.218407967,-329.9101374,0.1619256989,-31.89200722
cv_gc,cathodic,0,1,11,10,200,0,2.101881576,-15.89840195,4.245218647,-27383.39361,0.9969558137,-44.39814383,0.1158911328,-6.818386457,4.620492612,-80.65931069,9.350385354,-132849.1416,2.230105175,-226.1626712,0.1777076821,-17.38353906
cv_gc,cathodic,0,1,12,10,400,0,2.112302333,-17.07906445,4.262228568,-5241.841545,1.017073436,-27.2755924,0.1665060477,-5.058512689,4.615054067,-85.30130884,9.317490087,-25053.81149,2.247884091,-137.1194743,0.218324954,-9.416282547
cv_gc,cathodic,0,1,14,20,100,0,1.24908831,0.8821316855,0.4193339617,0.9728556829,0.2043092651,0.9464290882,0.1440200931,-0.6622311576,8.631386843,-4.628231441,17.06935028,-43.97724264,3.887603266,-18.39620616,0.2868121879,-5.592352921
cv_gc,cathodic,0,1,15,20,200,0,1.35597365,0.8979053694,1.50993147,0.7659592374,0.2493942228,0.9470755286,0.178190458,-0.460868145,9.379688718,-3.885142686,18.89082201,-35.63352778,4.335648388,-14.99528051,0.3367196318,-4.216497538
cv_gc,cathodic,0,1,16,20,400,0,1.527725885,0.8514384024,2.377614999,0.3563595787,0.6616828692,0.7168768152,0.2564631437,-0.6135095272,8.957180139,-4.106911168,19.71528518,-43.25541055,4.750825197,-13.5953245,0.4222899722,-3.374648349
cv_gc,cathodic,0,1,18,50,100,0,1.780767596,0.8277974734,3.318322126,-0.07443706548,0.8893985101,0.3701416492,0.1303931821,0.09949681162,9.331056921,-3.728100593,18.96824815,-34.10737366,4.296702874,-13.7001153,0.310677239,-4.112041381
cv_gc,cathodic,0,1,19,50,200,0,1.856881167,0.8140463489,2.834060935,0.2821494742,0.7670320937,0.5781983324,0.1513338417,-0.04105931288,9.323763547,-3.688338813,19.45016096,-32.81131444,4.426071447,-13.04488091,0.3385181617,-4.209155318
cv_gc,cathodic,0,1,20,50,400,0,3.19731377,0.2484316244,3.813392913,-1.555666591,0.3305283465,0.9406889651,0.2115328852,-0.04108213409,8.438263846,-4.23484929,19.08960503,-63.04348715,4.88130017,-11.93567542,0.4154882823,-3.016490723
cv_gc,cathodic,0,1,22,100,100,0,1.089628881,-13.03783016,0.849560561,-109.9811464,0.177645763,-0.3914444853,0.1272784566,-3.261826518,4.463118868,-234.5156,9.108070477,-12754.96402,2.113251638,-195.9058438,0.1649960015,-6.161975087
cv_gc,cathodic,0,1,23,100,200,0,1.130109382,-18.886379,0.8693516613,-98.989049,0.1743055277,-0.4322425051,0.1626047027,-3.662449076,4.470500233,-310.1909763,9.1171263,-10996.08048,2.101011663,-207.0899784,0.1877680324,-5.217148043
cv_gc,cathodic,0,1,24,100,400,0,1.165581613,-22.68956005,0.8656372102,-88.12913532,0.1641841854,-0.159177421,0.2249026027,-3.65076686,4.464883699,-346.6097279,9.095860083,-9839.913225,2.076681927,-184.4501695,0.2404578851,-4.316351073
cv_gc,cathodic,100,2,2,0,100,100,1.365415213,-295.359012,1.780516149,-131809.7471,0.4624289088,-4749.532479,0.1553174522,-30.69318201,1.987315135,-626.8012038,3.90673113,-634578.4942,0.9022204649,-18082.29999,0.07173369303,-5.760389348
cv_gc,cathodic,100,2,3,0,200,100,1.359873711,-210.0909958,1.766608511,-143482.5338,0.4612530587,-5741.753311,0.1763092116,-47.44523886,1.980225745,-446.6122437,3.890917984,-696025.1884,0.9021535347,-21967.60867,0.05743378738,-4.140862719
cv_gc,cathodic,100,2,4,0,400,100,1.376114296,-117.325875,1.781213248,-1974629.999,0.4873037215,-158724.137,0.2360241847,-227.368671,1.974411363,-242.5824502,3.879661332,-9367888.296,0.9233348862,-569854.4996,0.05215694332,-10.15187198
cv_gc,cathodic,100,2,5,5,0,100,2.409052514,-2157.175927,4.472377078,-6510402.304,1.098846159,-6170.447855,0.1232660178,-34.69905655,1.770716512,-1164.983445,3.452787633,-3880348.126,0.8172739244,-3412.882427,0.08120079862,-14.49139785
cv_gc,cathodic,100,2,6,5,100,100,2.400446535,-1520.672046,4.447682221,-2793704.144,1.092767069,-2220.73767,0.1200224986,-18.39952139,1.760846513,-817.8040662,3.430783721,-1662262.04,0.814997156,-1234.804485,0.080297964,-7.683099059
cv_gc,cathodic,100,2,7,5,200,100,2.395218818,-1135.422607,4.434746637,-1088513.133,1.098014437,-2325.003554,0.1362478731,-28.14734988,1.754982006,-609.0912693,3.416912317,-646194.7761,0.8211715273,-1299.954293,0.06969326076,-6.626428105
cv_gc,cathodic,100,2,8,5,400,100,2.40474493,-629.6174682,4.443007525,-138595.988,1.12724661,-4883.116325,0.1869703763,-110.5963645,1.752744852,-334.0158553,3.412348884,-81752.53682,0.8480643998,-2763.431219,0.05073163792,-7.21603368
cv_gc,cathodic,100,2,9,10,0,100,3.482742428,-3966.544245,6.839065909,-2754840.082,1.646439316,-7259.004366,0.1223960356,-20.81011623,1.765466403,-1018.525235,3.439202606,-696655.1815,0.8211264344,-1804.782719,0.07555084123,-7.310016495
cv_gc,cathodic,100,2,10,10,100,100,3.473676603,-2817.752062,6.819721182,-744637.2766,1.644846055,-2425.758801,0.114357246,-10.07591564,1.761674815,-723.9859686,3.431016013,-188475.6733,0.825291699,-609.9294377,0.08038515433,-4.472729248
cv_gc,cathodic,100,2,11,10,200,100,3.459001528,-2021.637115,6.788042702,-179901.248,1.650207917,-2324.167757,0.1164946517,-12.07407131,1.751640225,-517.6881001,3.409496568,-45385.63385,0.8334003919,-592.0405089,0.09568275728,-7.819952349
cv_gc,cathodic,100,2,12,10,400,100,3.456192107,-1565.029238,6.775316165,-62261.31548,1.675920478,-9272.111092,0.1559315455,-42.48495562,1.75382503,-402.2521074,3.413824622,-15805.96706,0.8618830863,-2451.535847,0.06360685524,-6.235672694
cv_gc,cathodic,100,2,13,20,0,100,5.289369284,-1415.075471,10.69534815,-224344.7867,2.536680792,-2469.279088,0.1222388139,-19.45435854,3.798433873,-729.2772356,7.646863173,-114680.8537,1.791634116,-1231.290295,0.1512766436,-30.32646355
cv_gc,cathodic,100,2,14,20,100,100,5.260924577,-1869.324426,10.63717562,-66645.28241,2.515457424,-1321.935557,0.1120308202,-6.890254592,3.790160393,-969.7512812,7.633833929,-34323.85299,1.783753831,-664.2342256,0.1475194581,-12.68089791
cv_gc,cathodic,100,2,15,20,200,100,5.244984181,-2004.841712,10.60355224,-43317.45568,2.518750378,-1060.328062,0.116043967,-7.576994694,3.794830924,-1049.009322,7.643738146,-22509.32715,1.796035668,-538.646425,0.154111496,-14.12725332
cv_gc,cathodic,100,2,16,20,400,100,5.235299863,-1899.983885,10.58309707,-24748.85166,2.551458321,-1235.962274,0.133737885,-43.2447427,3.822283641,-1012.307215,7.704517393,-13116.10276,1.84327675,-644.5956388,0.1577017003,-60.52130287
cv_gc,cathodic,100,2,17,50,0,100,7.727212024,-5968.947313,15.72504199,-271994.8148,3.685703348,-3341.281331,0.1860303348,-15.31292494,4.185045317,-1750.157347,8.412283249,-77839.63476,1.965808436,-949.7900714,0.1629557156,-11.51709355
cv_gc,cathodic,100,2,18,50,100,100,7.709460084,-10077.95808,15.68438988,-151767.1598,3.68593933,-3628.09463,0.1868281097,-19.84070184,4.009355012,-2724.942785,8.050340074,-39981.86065,1.888118337,-951.2705368,0.1594902169,-14.18783946
cv_gc,cathodic,100,2,19,50,200,100,7.690094296,-9106.12698,15.64413151,-86153.40753,3.689874819,-3238.439384,0.1898425099,-22.50998127,3.834708836,-2263.554881,7.691357344,-20823.78675,1.812560765,-780.6849356,0.1622067201,-16.16338855
cv_gc,cathodic,100,2,20,50,400,100,7.676539671,-5619.970721,15.61519257,-52168.45123,3.717225916,-4900.566781,0.2055526601,-27.66625656,3.51948563,-1180.513582,7.03580759,-10590.30533,1.716194752,-1043.792751,0.1639461267,-17.23589581
cv_gc,cathodic,100,2,21,100,0,100,1.369285915,-236.5700582,1.79003096,-939.2256262,0.5077165173,-75.79836841,0.1939230456,-24.95527769,1.759633755,-391.3268138,3.276653995,-3149.446913,0.7797629815,-180.1484558,0.1176074888,-8.54633756
cv_gc,cathodic,100,2,22,100,100,100,1.338414002,-172.4405296,1.72836484,-579.1487255,0.5051916301,-89.37182861,0.1942945648,-45.4699903,1.741763514,-292.729811,3.235512995,-2032.081524,0.7821559814,-215.6244726,0.1152175736,-15.34137995
cv_gc,cathodic,100,2,23,100,200,100,1.322249017,-154.4422707,1.692142766,-448.9003294,0.5065410451,-103.9649244,0.1997036045,-79.25027927,1.732140265,-265.7526489,3.213639046,-1621.693509,0.7862659992,-251.9029555,0.1146060763,-25.42956612
cv_gc,cathodic,100,2,24,100,400,100,1.322639353,-115.2493012,1.66861769,-348.8594919,0.5264838721,-118.4472769,0.1944356525,-27.33107743,1.725335954,-196.8129937,3.19983509,-1285.575175,0.8073482398,-279.8845912,0.1009966862,-6.644085493
cv_gc,cathodic,200,3,2,0,100,200,1.29015924,0.6093199741,1.647802042,-0.4500602033,0.3406213241,0.5836127479,0.1740606122,-4.208482345,3.396622593,-1.707878423,6.691320834,-22.91110616,1.527541996,-7.374137302,0.09215139489,-0.4598694158
cv_gc,cathodic,200,3,3,0,200,200,1.287205193,0.6050205179,1.650894067,-0.460217341,0.3380820064,0.5866773284,0.1977894466,-5.629971293,3.397939289,-1.752391446,6.694372264,-23.01036744,1.525211068,-7.412111294,0.1046947836,-0.8576141237
cv_gc,cathodic,200,3,4,0,400,200,1.28940443,0.5984794201,1.618865033,-0.4020399264,0.3089804971,0.6562952634,0.2530691319,-12.29984157,3.385257681,-1.767661411,6.661392674,-22.73936874,1.495645862,-7.053430766,0.1480298466,-3.550579385
cv_gc,cathodic,200,3,5,5,0,200,0.9758928146,0.7806703554,1.068145368,0.3930209483,0.3107132333,0.6540288952,0.134128237,-3.604444044,2.092912904,-0.008777543231,3.989178553,-7.46603248,0.8826860022,-1.792111818,0.07055901593,-0.274212312
cv_gc,cathodic,200,3,6,5,100,200,0.9605396681,0.7846728201,1.050901558,0.4184509277,0.3250005708,0.6149816028,0.1530233682,-5.332792278,2.100116942,-0.02933134897,4.007393764,-7.456415848,0.8687946599,-1.751360639,0.06406959881,-0.1101553041
cv_gc,cathodic,200,3,7,5,200,200,0.9589280919,0.782288754,1.064669618,0.4021946358,0.3490689549,0.5554674315,0.1775309201,-10.39508513,2.092586261,-0.03675352247,3.994411012,-7.414640885,0.8470182829,-1.617379537,0.0747607726,-1.020771128
cv_gc,cathodic,200,3,8,5,400,200,0.9776730642,0.7730920229,1.082585654,0.3887123211,0.3845554575,0.4751192211,0.2312387481,-32.60105137,2.088526316,-0.03548155548,3.978645991,-7.256418608,0.8155438254,-1.360681078,0.1165490603,-7.535897673
cv_gc,cathodic,200,3,9,10,0,200,1.767116706,0.2864545834,3.413986188,-5.109980894,0.8557095788,-1.629070689,0.1246960617,-2.964448842,0.9825193091,0.7794163373,1.638594425,-0.4075352463,0.3381488357,0.5894507442,0.07021897722,-0.2571478067
cv_gc,cathodic,200,3,10,10,100,200,1.741181707,0.3107823536,3.366718642,-4.768147105,0.8714169651,-1.73735179,0.1420495084,-4.966300669,1.006259286,0.7698091805,1.686620981,-0.4476303411,0.3243648742,0.6207319764,0.05803156971,0.004240859278
cv_gc,cathodic,200,3,11,10,200,200,1.730149038,0.3211176193,3.343976747,-4.544859773,0.9054680941,-1.885476932,0.1678400994,-14.14209801,1.020468631,0.763828861,1.710592896,-0.4509665422,0.2988723467,0.6856287872,0.06646631711,-1.374640263
cv_gc,cathodic,200,3,12,10,400,200,1.745550467,0.3090413179,3.361616009,-4.584416787,0.932512967,-1.952183548,0.2179525755,-49.40599385,1.017243623,0.7653410025,1.694036586,-0.4181663888,0.2792421121,0.7352747148,0.1026251043,-10.17545965
cv_gc,cathodic,200,3,13,20,0,200,3.528361047,-1.797518019,7.294390319,-26.25009075,1.76406381,-10.1748128,0.1370713881,-4.358174706,1.034692044,0.7594257869,2.246414131,-1.584458726,0.5790003932,-0.2038417285,0.1082407225,-2.341216467
cv_gc,cathodic,200,3,14,20,100,200,3.527472305,-1.838199235,7.295654795,-25.97893256,1.793120137,-10.86243725,0.1498053852,-7.263248932,1.036449792,0.7549739885,2.247805685,-1.56102454,0.6085564398,-0.3663340071,0.09592988771,-2.388471656
cv_gc,cathodic,200,3,15,20,200,200,3.53294619,-1.874005293,7.306427386,-25.87671845,1.827838194,-11.27438237,0.1702185704,-16.88058303,1.043971012,0.7490481525,2.258756715,-1.568650462,0.6447166661,-0.5270805519,0.09526892661,-4.601061516
cv_gc,cathodic,200,3,16,20,400,200,3.526006593,-1.809776726,7.285519276,-24.79469822,1.874596922,-11.00862247,0.2122655851,-102.3216268,1.038983497,0.7560376152,2.238342232,-1.434795025,0.6949671353,-0.6504635102,0.1181739829,-31.024017
cv_gc,cathodic,200,3,17,50,0,200,5.921632409,-6.679464199,12.28302838,-73.46381055,2.924151602,-29.53745799,0.2040661678,-12.05298705,3.434092937,-1.58268904,7.234634549,-24.83256566,1.737903017,-9.78659039,0.1852186667,-9.753191914
cv_gc,cathodic,200,3,18,50,100,200,5.922974926,-6.781179049,12.28565523,-72.94644789,2.951443718,-30.50629883,0.2128469294,-19.88674861,3.436847891,-1.61990922,7.237239409,-24.66058473,1.765483835,-10.27342467,0.1786003187,-13.70620175
cv_gc,cathodic,200,3,19,50,200,200,5.950011014,-7.066929592,12.33767364,-74.41095905,2.994029286,-32.27668296,0.2251548832,-35.7864674,3.464599809,-1.735135721,7.289248793,-25.32288309,1.80843288,-11.14039257,0.1756371082,-21.38504127
cv_gc,cathodic,200,3,20,50,400,200,5.988013293,-7.327133697,12.40896222,-75.74213048,3.062046878,-32.74124019,0.2619145376,-213.0578044,3.500952986,-1.846443602,7.360546129,-26.00119621,1.87755821,-11.68598495,0.1892237309,-110.7282662
cv_gc,cathodic,200,3,21,100,0,200,1.14505856,0.6990634942,1.448462953,-0.02817612612,0.3243238548,0.5670419198,0.3451240333,-172.4151469,3.234876705,-1.40178951,6.490315702,-19.64354967,1.363023069,-6.647059601,0.2721919393,-106.8666377
cv_gc,cathodic,200,3,22,100,100,200,1.149231839,0.6958407096,1.45607017,-0.03849925168,0.3333062842,0.5549291423,0.3614494648,-418.7953418,3.23838456,-1.415141765,6.497470179,-19.67903025,1.354161521,-6.346544146,0.2839477197,-258.071246
cv_gc,cathodic,200,3,23,100,200,200,1.159134382,0.6930958154,1.48121192,-0.06936110927,0.337509894,0.5546935266,0.3759829235,-461.9083429,3.251892063,-1.415502429,6.52265546,-19.73666283,1.356549043,-6.193777318,0.2937584961,-281.578841
cv_gc,cathodic,200,3,24,100,400,200,1.187233446,0.6844433573,1.497680861,-0.0781400671,0.3466059129,0.5578908798,0.4109704956,-314.4284827,3.264822274,-1.386295216,6.53838462,-19.54837842,1.342447612,-5.63211782,0.3194565383,-189.5913477
cv_gc,cathodic,400,4,2,0,100,400,0.9409642085,-44.21868846,0.1205031409,-45.05755161,0.03601378693,-12.5978488,0.1599329926,-6.791071589,2.151434497,-235.3894058,4.347361061,-59944.35495,1.051057695,-11581.05807,0.07016289034,-0.4994638855
cv_gc,cathodic,400,4,3,0,200,400,0.9350135053,-25.50491335,0.1062160423,-21.99146547,0.02728530698,-2.216261911,0.176661722,-4.909085767,2.163842458,-140.9521247,4.370566606,-38926.98369,1.075964754,-5000.379499,0.09336591938,-0.6504870878
cv_gc,cathodic,400,4,4,0,400,400,0.9511767017,-14.71221031,0.1168991964,-20.93776082,0.04330087741,-3.606642436,0.2185676337,-6.450333648,2.16183961,-80.1636959,4.354009115,-30432.22055,1.074963825,-2838.087708,0.1350350243,-1.84378576
cv_gc,cathodic,400,4,5,5,0,400,1.572714391,-95.82173045,2.729192059,-17736.50117,0.6393601772,-5130.215251,0.1131224845,-2.285873784,0.8646821118,-28.26752972,1.683517034,-6748.308343,0.4524717556,-2568.875106,0.03605384151,0.6662232369
cv_gc,cathodic,400,4,6,5,100,400,1.548949349,-51.93777032,2.682986207,-9074.790932,0.5968235508,-1642.744406,0.1320681359,-1.445659721,0.8934191635,-16.61171868,1.729356423,-3769.6535,0.498993109,-1148.030296,0.06584699607,0.3920443909
cv_gc,cathodic,400,4,7,5,200,400,1.538810927,-38.62790671,2.661989397,-7010.937465,0.5780554426,-860.4623124,0.1576519864,-1.532569442,0.9091203752,-12.83163091,1.750253146,-3030.287477,0.5221138526,-701.7934822,0.09635046658,0.05404579445
cv_gc,cathodic,400,4,8,5,400,400,1.554884198,-26.77327421,2.679273428,-5964.815889,0.5810379494,-490.7478213,0.2102008981,-2.520847607,0.9149675667,-8.617061242,1.733047683,-2495.070208,0.5247161009,-400.0349557,0.1451593974,-0.6790684711
cv_gc,cathodic,400,4,9,10,0,400,2.590351392,-315.0227015,5.105455846,-75858.72878,1.194057036,-22481.90277,0.1069717347,-2.480868679,0.3275398333,-4.052765753,0.6894383395,-1382.35326,0.1055869314,-174.8014995,0.03433956916,0.6412935003
cv_gc,cathodic,400,4,10,10,100,400,2.569032925,-198.4520983,5.066048416,-44888.50318,1.162250155,-8431.360237,0.1189753579,-1.638184721,0.3214134943,-2.12196106,0.6502534357,-738.5566351,0.08461167438,-43.69001544,0.03534297873,0.7671922361
cv_gc,cathodic,400,4,11,10,200,400,2.558097879,-139.1899948,5.044776685,-34757.67246,1.142510492,-4255.815895,0.1389463219,-1.529709112,0.32801732,-1.30502827,0.6291247463,-539.5711015,0.08298497286,-21.45760229,0.06349924961,0.471659794
cv_gc,cathodic,400,4,12,10,400,400,2.570611746,-86.81298261,5.062112055,-29190.33378,1.145317316,-2387.536396,0.1863226424,-2.627015351,0.3651906948,-0.7722507101,0.6462071588,-474.7008852,0.09835779517,-16.61561375,0.1105802283,-0.2775358304
cv_gc,cathodic,400,4,13,20,0,400,4.417887394,-828.9020085,9.012750654,-206774.9717,2.087643673,-64714.46724,0.116910018,-2.795018432,2.207695964,-206.2411812,4.585030113,-53513.28693,1.002566412,-14924.25106,0.08428697535,-0.9725652289
cv_gc,cathodic,400,4,14,20,100,400,4.396540256,-497.3273104,8.969976633,-118975.8963,2.050455414,-22942.2886,0.1164926183,-1.184650628,2.190752886,-122.7312401,4.542352204,-30508.95892,0.965521667,-5086.202855,0.06468024494,0.3265141235
cv_gc,cathodic,400,4,15,20,200,400,4.389371594,-462.4008298,8.956813499,-119498.8333,2.047165186,-16808.01555,0.1325055434,-1.590540956,2.184590563,-113.7868706,4.529172969,-30555.10898,0.9623197418,-3713.285601,0.05804170615,0.5029469899
cv_gc,cathodic,400,4,16,20,400,400,4.396847326,-246.9284356,8.967650963,-83983.71281,2.036946199,-7431.557491,0.1731580304,-1.964909627,2.194637043,-60.76877368,4.540000395,-21524.56849,0.9527707205,-1625.132633,0.09489848591,0.1094777962
cv_gc,cathodic,400,4,17,50,0,400,6.848010001,-1710.790423,14.05037427,-427850.7018,3.232330541,-158210.534,0.1768398263,-6.648946775,4.668949515,-794.7198209,9.613651747,-200305.1342,2.131126835,-68773.14584,0.1465440877,-4.252645396
cv_gc,cathodic,400,4,18,50,100,400,6.830030632,-1231.966049,14.01353872,-297775.2716,3.203730129,-59361.92531,0.1664529097,-3.501977858,4.65311192,-571.2592381,9.576675363,-139065.9673,2.102719463,-25571.08342,0.125756356,-1.569688383
cv_gc,cathodic,400,4,19,50,200,400,6.817947989,-734.5829374,13.98750819,-194860.8981,3.171746247,-23977.41963,0.163480132,-1.642801986,4.643532915,-340.2096738,9.550524114,-90843.9169,2.071149643,-10223.60746,0.1225618024,-0.4854052107
cv_gc,cathodic,400,4,20,50,400,400,6.82903807,-475.9329763,14.00866855,-188951.7307,3.182021374,-15314.42018,0.1885210216,-2.234836549,4.654573565,-220.5634309,9.571269161,-88205.07801,2.081553523,-6552.871102,0.1311577906,-0.5657447224
cv_gc,cathodic,400,4,21,100,0,400,0.9130966491,-32.5976562,0.1841475048,-79.31397045,0.1835444537,-416.3227057,0.2919390656,-20.75730736,2.030146848,-165.0849921,4.220605797,-42188.94912,1.116338116,-15436.64289,0.135803723,-3.708082584
cv_gc,cathodic,400,4,22,100,100,400,0.8998913858,-20.22347562,0.145695832,-29.98379242,0.1605761385,-126.1243423,0.291733627,-12.66441207,2.050352028,-109.177568,4.259574479,-26482.33971,1.148039703,-6497.012076,0.1390236499,-2.103096916
cv_gc,cathodic,400,4,23,100,200,400,0.8946649032,-14.94125192,0.1269565644,-17.87912402,0.1479398812,-63.18444357,0.2954963401,-9.653913438,2.061898003,-83.6712516,4.279216994,-21447.65855,1.164642092,-3976.811636,0.1472297787,-1.644820911
cv_gc,cathodic,400,4,24,100,400,400,0.9133922043,-9.778735815,0.1442843156,-19.6806233,0.1319872183,-29.4709335,0.3190703022,-9.233429723,2.061167383,-53.8882961,4.26180227,-18042.13378,1.162383432,-2362.310743,0.1784120442,-2.199608066
